hHEP,hHSC,hLSEC
A0A024R0T9;K7ER74;P02655;Q6P163,A0A024R3W6;A0A024R412;O60462;O60462-2;O60462-3;O60462-4;O60462-5;Q7LBX6;X5D2Q8,A0A024R216;Q9Y3E1
A0A024R3W6;A0A024R412;O60462;O60462-2;O60462-3;O60462-4;O60462-5;Q7LBX6;X5D2Q8,A0A075B780;O14787,A0A024RAC6;Q14241
A0A024R4E5,A0A087WSW9;A0A087WSY9;Q16881;Q16881-3;Q16881-4,A0A075B738
A0A024R4K9;A0A087WZA9;A0A087X266;Q9BXJ8;Q9BXJ8-2,A0A087WUF6;A0A0A0MQV6;P09038;P09038-1;P09038-2;P09038-3,A0A087WT20;Q9NV06
A0A024R4M0;P46781,A0A087WXM6;A0A0A6YYL6;J3KRX5;J3QQT2;P18621;P18621-3,A0A087WTW0;A0A087WVR3;Q96T88;Q96T88-2
A0A024R571;Q9H4M9,A0A087WXV2;O14917,A0A087WUK2;O14979;O14979-2;O14979-3
A0A024R5I4;E9PRW4;O94956;O94956-3,A0A087WXW9,A0A087WVP1;Q14517
A0A024R644;A0A0A0MRU5;A0A1B0GWI2;O75503,A0A087WY00;F8W6H6;F8WE88;G3V394;Q9Y4I1;Q9Y4I1-2;Q9Y4I1-3,A0A087X1R1;P53814;P53814-5;P53814-6
A0A024R6I7,A0A087WY71;E9PFW3;Q96CW1;Q96CW1-2,A0A0A0MQS9;A0A0A0MTC7;Q16363;Q16363-2
A0A024R6X1;O00748,A0A087WZ62;Q9H6U8;Q9H6U8-3,A0A0A0MQX1;Q9HD67
A0A067XG54;Q8NB49;Q8NB49-2;Q8NB49-3;Q8NB49-4,A0A087X0K9,A0A0A0MSD0;Q4LDE5
A0A075B6P0;Q330K2;Q330K2-2,A0A087X1B1;Q9Y6K9;Q9Y6K9-2,A0A0G2JQN8;A0A0G2JRX5;A0A0G2JRY6;A0A1W2PRV5;E7EQZ4;Q16637;Q16637-2;Q16637-3;Q16637-4
A0A075B730;A0A087X1U6,A0A087X1R1;P53814;P53814-5;P53814-6,A0A1B0GV70;Q96N21;Q96N21-2
A0A075B773;K7ELY8;O00623,A0A087X232;P09871,A4D1E9;C9J8R7
A0A075B7A1;M0R0E9;M0R344;Q9NRA0;Q9NRA0-2;Q9NRA0-3;Q9NRA0-4;Q9NRA0-5,A0A0A0MQU3;P62837,A6NIW2;Q5JSL3
A0A087WSV8;V9HW75,A0A0A0MR60;G8JL96;Q13332-2;Q13332-6;Q13332-7,A8MZI9;C9JWM1;H9KVB1;Q01196;Q01196-10;Q01196-2;Q01196-3;Q01196-4;Q01196-5;Q01196-6;Q01196-7;Q01196-8;Q01196-9
A0A087WSW9;A0A087WSY9;Q16881;Q16881-3;Q16881-4,A0A0A0MRJ7;P12259,A9J4F5;O00488
A0A087WT12;A0A087X2I2;K7ERP4;P36969;P36969-2,A0A0A0MRV0;Q9P2E9,B0QY89;Q9Y262
A0A087WT53;Q96QZ7;Q96QZ7-2;Q96QZ7-6;Q96QZ7-7,A0A0A0MS29,B1AP13;H3BLV0;H7BY55;P08174;P08174-2;P08174-3;P08174-4;P08174-5;P08174-6;P08174-7
A0A087WT99;Q9H0W9;Q9H0W9-2,A0A0A0MTQ8;P0C221,B4DJL6;B4DVT3;Q96SY0;Q96SY0-3;Q96SY0-4
A0A087WTK0;A0A087WVC6;Q12913,A0A0B4J203,B4DY26;P36897;P36897-2
A0A087WTM1;Q9Y6N7;Q9Y6N7-2;Q9Y6N7-3;Q9Y6N7-4;Q9Y6N7-5;Q9Y6N7-6,A0A0C4DFL7;Q16850,B7WPE2;Q32P44
A0A087WTP3;Q92945,A0A0C4DG78;Q8TBC5;Q8TBC5-2;Q8TBC5-3;Q8TBC5-4,B7ZC06
A0A087WTS0;P18283,A0A0C4DGH0;Q5ZPR3;Q5ZPR3-4,B9EGQ5;M0QXA7;O95785;O95785-3;O95785-4
A0A087WUB9;Q8WYA6;Q8WYA6-4,A0A0C4DGV9;P49917,C9J7Y4;Q8WWK9;Q8WWK9-4;Q8WWK9-5;Q8WWK9-6
A0A087WUC6;E9PI68;Q15005,A0A0C4DGW0;B4DGY6;H7C5F7;Q9NV92,C9JBI3;P78330
A0A087WUL4;A0A087WX23;A0A087WXK2;A0A087WZG9;B4DSP0;Q86TG7;Q86TG7-2,A0A0C4DGZ4;Q9Y5U4,D6RAD4;P50613
A0A087WUM0;A0A087WYV9;A0A087X1F5,A0A0C4DH16;B8ZZS0;H7BXT7;Q9NYM9,D6REY2;P23508;P23508-2
A0A087WUQ6;P07203,A0A0D9SEN1;Q12884,E7EPG1;Q13201
A0A087WUS0;E7ETK0;P62847;P62847-2;P62847-3;P62847-4,A0A0D9SEZ6;A0A0D9SG71;A0A0R4J2E5;P49459,E7ERS3;Q86VM9;Q86VM9-2
A0A087WV45;P02766,A0A0D9SF53;A0A0D9SFB3;A0A0D9SG12;O00571,E7EVC7;Q676U5;Q676U5-2
A0A087WVD4;Q9HBK9;Q9HBK9-2,A0A0D9SFB5;P08319;P08319-2,E9PFP8;P57721;P57721-4;P57721-5
A0A087WVP7;H3BRQ8;P0C024;P0C024-2;P0C024-3,A0A0G2JH68;O60610,E9PGC8;P78559
A0A087WVV7;A0A087X165;Q9C0H9;Q9C0H9-2;Q9C0H9-5,A0A0G2JNZ2;A0A0G2JPP5;Q14160;Q14160-3,E9PGF5
A0A087WVX4;P49895;P49895-2;P49895-4,A0A0G2JPR0,E9PJM4;E9PL17;Q92989;Q92989-2
A0A087WWM4;F8WAN9;H0YLV5;H0YMB3;H0YNJ6;Q9P2T1;Q9P2T1-2,A0A140T913;A0A140T9I0;A0A140T9X5;P01892,E9PMG4;Q9BUR4
A0A087WWQ2;Q92979;V9GYP5,A0A140T9D4;A0A140TA21,F5H136
A0A087WWU8,A0A140T9M0;P04222,G3V529;Q9GZR7
A0A087WXB8;C9IZL6;Q9Y274,A0A1B0GTM3;A0A1B0GUA4;A0A1B0GUH5;A0A1B0GW68;Q13510;Q13510-2,G8JLD5
A0A087WXC5;E7ESZ7;O95299,A0A1B0GVD5;A0A1B0GW44;A0A1B0GWE8;P07339,H0UI80;Q8IXH7;Q8IXH7-4;X6RLT1
A0A087WXD1;Q96T83,A0A1B0GVF1,H3BLV9;Q96SB4;Q96SB4-3;Q96SB4-4
A0A087WXK5;J3QSS3;Q9BZC7;Q9BZC7-2;Q9BZC7-3,A0A1B0GVK0;Q14314,I3L0A0
A0A087WXP3;E9PEE8;P18564;P18564-2,A0A1W2PR09;A0A1W2PRL5;A0A1W2PRM0;F5GYH1;Q8NC96,J3KP15;Q01130
A0A087WXU0;Q9NWS8,A0A286YF22;O43175,K7EIU8;Q13485
A0A087WXV4;P41235;P41235-2;P41235-4;P41235-5;P41235-6,A0AVT1,K7EIY6;Q9BV68;Q9BV68-2
A0A087WXX8,A2A2D0;P16949;P16949-2,M0QZ28;Q9Y4J8;Q9Y4J8-10;Q9Y4J8-11;Q9Y4J8-13;Q9Y4J8-14;Q9Y4J8-15;Q9Y4J8-2;Q9Y4J8-6
A0A087WY71;E9PFW3;Q96CW1;Q96CW1-2,A2A2V1;P04156;P04156-2,O00267
A0A087WYT3;Q15185;Q15185-4,A4D104;C9J7I0,O00592;O00592-2
A0A087WZ13;E9PAU2;Q8IY67-2,A6NCE7;H3BTL1;Q9GZQ8,O15061
A0A087WZ62;Q9H6U8;Q9H6U8-3,A6NNI4;G8JLH6;P21926,O15213
A0A087WZT2;Q6UX53,A6XND0;A6XND1;B3KWK7;P17936;P17936-2,O15234
A0A087X020;Q9Y3A5,A8MUS3;H7BY10;K7EJV9;K7ERT8;P62750,O43149
A0A087X0D5;P09668,A8MXV4,O43159
A0A087X0Q9;Q9BVL4,B0QY07;P32927;P32927-2;Q6NSJ8,O43929;O43929-2;O43929-3
A0A087X0V5;P29728;P29728-2,B0YIW2;P02656,O75153
A0A087X0W3;Q8WWB7,B1ALU1;B1ALU3;H0Y5C0;O95490;O95490-2;O95490-5;O95490-6;O95490-7,O75607
A0A087X0W7,B1AP22;P49810;P49810-3,O75694;O75694-2
A0A087X117;A0A0G2JN29;Q15155,B2R5W2;B4DY08;G3V4W0,O75940
A0A087X1G7;A0A0B4J1S4;O60613,B4DDF4;B4DUT8;Q99439,O75962
A0A087X1R1;P53814;P53814-5;P53814-6,B4DGU4;P35222,O94776
A0A087X1W8;A0A0A0MTJ8;Q9BY67;Q9BY67-3;Q9BY67-4;Q9BY67-5;X5DQS5,B4DSZ9;E9PCE7;E9PMP8;E9PMS7;P53804;P53804-2;P53804-3,O95218;O95218-2
A0A087X1Z3;Q9UL46,B4DUC8;Q13126,O95760;O95760-2;O95760-3;O95760-4
A0A087X232;P09871,B4DUD2;C9IYT2;C9IZ27;C9JEN3;C9JW19;C9JWV9;F8WDY4;Q969X1,P00491
A0A087X2H1;Q9ULT8,B4DY26;P36897;P36897-2,P00966
A0A087X2I1;P62333,B5MC14;B5MCZ3;C9J5B0;P05231,P01137
A0A096LPE2,B5MDF5;P62826,P01584
A0A096LPI6,B5ME97;E7EW69;E7EX04;Q9P0V9;Q9P0V9-2,P03989
A0A096LPJ9;E7EWH7;E9PHE4;P02489,B7Z4L1;B7Z4U3;E7EPD9;H7BXS2;Q9NRC1;Q9NRC1-4,P04150;P04150-10;P04150-2;P04150-3;P04150-6;P04150-8;P04150-9
A0A0A0MQR7;P19388,B7Z596;F5H7S3,P04275
A0A0A0MQU3;P62837,B7Z676;D6RGJ7;E9PE63;Q86UD5;Q86UD5-2,P05106
A0A0A0MQU4;Q96I15,B7ZKJ3;B7ZKW7;F8VP57;F8W9W0;P54756;P54756-2;P54756-3,P05412
A0A0A0MQX2;Q9HD23;Q9HD23-2;Q9HD23-4,B8ZZD4;Q86VP1;Q86VP1-2,P05783
A0A0A0MQX8;C9JP00;H7C4T5;Q9NR56;Q9NR56-2;Q9NR56-3;Q9NR56-4;Q9NR56-5;Q9NR56-6;Q9NR56-7,C4B7M2;Q96JI7;Q96JI7-2;Q96JI7-3,P07996
A0A0A0MR49,C9J477;C9J579;C9JA22;C9JCY2;F8WDG2;Q6PIY5;Q6PIY5-2,P08473
A0A0A0MRA5;B7Z4B8;Q9BUJ2;Q9BUJ2-2;Q9BUJ2-4,C9J4Z3;P61513,P08603
A0A0A0MRB0;E9PBZ0;P49789,C9J6Q8;J9JIC8;Q9Y2Y6,P08727
A0A0A0MRV0;Q9P2E9,C9J798;E7ERK1;F5GXT2;F8W6L0;H0YB35;O43374;O43374-2,P09601
A0A0A0MRW7;C9JZ40;F8W6G5;Q7Z2E3;Q7Z2E3-10;Q7Z2E3-11;Q7Z2E3-3;Q7Z2E3-5;Q7Z2E3-7;Q7Z2E3-8;Q7Z2E3-9,C9J813,P09619
A0A0A0MRZ4;E7EMV7;Q15025;Q15025-2;Q15025-3;Q15025-4;Q15025-5;Q15025-6;Q15025-7;Q15025-8,C9JA08;Q96D46,P09972
A0A0A0MS08;P01857,C9JG41;Q9NQX7;Q9NQX7-2;Q9NQX7-3,P11166
A0A0A0MS29,C9JIZ6;P07602;P07602-2;P07602-3,P11169
A0A0A0MS41;A0A1P0AYU5;Q9BWM7,C9JKA9;Q9NS87;Q9NS87-2;Q9NS87-3,P11216
A0A0A0MS54;P22694;P22694-2;P22694-3;P22694-4;P22694-5;P22694-6;P22694-7;P22694-9,C9JQD4;O43447,P11388;P11388-2;P11388-3;P11388-4
A0A0A0MS56;P28332;P28332-2,C9JWJ8;Q14938-3;Q14938-5,P13995
A0A0A0MS70;A0A0A0MST0;H0Y4G9;Q99836;Q99836-5;Q99836-6,C9JYQ9;H0Y8C2;Q6P5R6,P14778
A0A0A0MS74,C9K0I9,P16083;Q5TD07
A0A0A0MSE2;E9PF18;Q16836;Q16836-2;Q16836-3,D3DQV9;P78344,P17275
A0A0A0MSG2;J3KNW4;Q14192,D6RAR4;Q04756,P17405;P17405-4
A0A0A0MSK2;P0DJ07,D6RER5;D6RGI3;Q9NVA2,P18206;P18206-2
A0A0A0MSS8;P42330,D6RFG8;P27707,P18583;P18583-5;P18583-7;P18583-9
A0A0A0MSU4;O94911;O94911-3,E5RG44;E5RGJ1;E5RIT1;Q629K1,P19021-5
A0A0A0MT61;G5E979;H7BYM2;Q8WYN0;Q8WYN0-3;Q8WYN0-5,E5RH28;P55808;P55808-2;P55808-3,P22692;P22692-2
A0A0A0MT83;P26440,E5RIZ4;Q9P015,P23246
A0A0A0MTG1;A0A0G2JIA5;A0A0G2JL52;A0A140T8Y0;A0A140TA35;A0A140TA36;A0A140TA40;A0A140TA45;B4E0K6;B7ZL25;Q5ST30;Q5ST30-4,E7EMS2;G3V3D1;G3V3E8;J3KMY5;P61916,P23510
A0A0A0MTI5;B8ZWD1;P07108;P07108-2;P07108-3;P07108-4;P07108-5,E7ENY0;E7EV99;P35611;P35611-2;P35611-3;P35611-6,P26022
A0A0A0MTJ9;A0A0R4J2G3;Q6PIU2;Q6PIU2-2,E7EPG1;Q13201,P26358;P26358-2
A0A0A0MTN0;Q13617;Q13617-2,E7EQ69;Q9GZZ1,P30481
A0A0A0MTS2;P06744,E7EQT4;Q9UKV3;S4R3H4,P31327;P31327-3
A0A0A6YYA0;Q86XR7-2;Q9Y3B3;Q9Y3B3-2,E7EQU1;E7ES08;E9PES6;O15347,P35442
A0A0A6YYC0;E9PJN1;O75676;O75676-2,E7ESK6;E9PBI9;P34741,P35568
A0A0B4J1R2;Q9H6R3,E7ESP4,P35813;P35813-3
A0A0B4J1R4;P32754,E7EX44;Q05682-3,P40189
A0A0B4J1Z1;C9JAB2;Q16629;Q16629-2;Q16629-3;Q16629-4,E9PAV3;E9PAV3-2;F8VZJ2;H0YHX9;Q13765,P40222
A0A0B4J203,E9PBW4;P02100;P69891;P69892,P40306
A0A0B4J206;O60337;O60337-5;O60337-6,E9PC15;Q53H12,P41250
A0A0B4J294;H3BP13;Q9UL33;Q9UL33-2,E9PGC0;P20936;P20936-2;P20936-4,P48307;P48307-2
A0A0B4J2A0;Q9UHJ6,E9PGC8;P78559,P48681
A0A0C4DFL7;Q16850,E9PGI0;Q6UWY0,P48740-2;P48740-4
A0A0C4DFM0;G3V4T6,E9PHA2;Q15003,P49643
A0A0C4DFN1;Q8IWA4,E9PIK4;E9PIN5;E9PKN9;E9PKZ4;E9PMW4;E9PN66;E9PPM1;E9PQ46;E9PS55;O14683;U3KQ32,P49959;P49959-3
A0A0C4DFN2;Q14397,E9PKT4;Q8N131;Q8N131-2,P51116
A0A0C4DFT3;Q12959-2;Q12959-4,E9PMR4;P48509,P52209;P52209-2
A0A0C4DFU2;P04179,E9PMS6,P52701
A0A0C4DFX9;Q9H3P2,E9PNN3;Q03393,P52732
A0A0C4DG17;C9J9K3;P08865,E9PP16;Q8ND30;Q8ND30-2;Q8ND30-3,P53999
A0A0C4DG33;O43933,F5GXJ1;F5H5N1;O75251;O75251-2,P58335-4
A0A0C4DG49,F5GY80;F5H7G1;P07358,P61313
A0A0C4DGA2;O75521;O75521-2,F5GYQ1;P61421,P62266
A0A0C4DGJ8;Q6IPR1,F5GZS6;J3KPF3;P08195;P08195-2;P08195-3;P08195-4,P63220;Q8WVC2
A0A0C4DGQ6;Q96P16,F5H2A4;F5H2U8;F5H6H0;P52926;P52926-2;P52926-3;P52926-4;P52926-5;P52926-6,P82094;P82094-2
A0A0C4DGS0;P56556,F6QDS0;I3L0H8;Q9NUU7,P98172
A0A0C4DGS1;P39656,F6RY50;Q96FS4,Q00534
A0A0D9SEI0;Q9P0P8,F6SKB8;Q9NVZ3;Q9NVZ3-2;Q9NVZ3-3,Q01469
A0A0D9SF70;G5E9L0;Q8N6H7,F6XHT0;F8WAX7;Q9Y6D0,Q02388;Q02388-2
A0A0D9SFB5;P08319;P08319-2,F8VX04;Q9H2H9,Q02952
A0A0D9SFK2;Q92614;Q92614-4,F8VZX2,Q04900-5
A0A0D9SFL2;M0QYH2;Q96T60,F8W7W8;Q30201;Q30201-2;Q30201-5;Q30201-8,Q08AD1;Q08AD1-2;Q08AD1-3
A0A0D9SG04;A0A0X1KG75;Q53SF7;Q53SF7-2;Q53SF7-3;Q53SF7-4,F8W8W7;J3KQ45;O43493;O43493-2;O43493-3;O43493-5,Q09161
A0A0D9SG72;P61764,G3V1N2,Q10589;Q10589-2
A0A0G2JH68;O60610,G3V1S7;M0QXH4;M0R2V0;Q92839,Q12834
A0A0G2JHC2;Q6NYC8,G3XAP6;P49747;P49747-2,Q13112
A0A0G2JIE7;A0A0G2JL69;B4DQI1;H0Y3H6;P06681;P06681-2;P06681-3,G5EA09;O00560-2,Q13243
A0A0G2JIF2;A0A0G2JL56;P30443;P30455,H0Y4R1;P12268,Q13435
A0A0G2JJD3;O95870,H0YA75;P19883;P19883-2,Q13501
A0A0G2JM12;N0E472;P67870;Q5SRQ3;Q5SRQ6,H0YBC7;O60238;O60238-2,Q13601;Q13601-2
A0A0G2JMG3,H0YD48;H0YE97;H0YEY8,Q13643
A0A0G2JNW7;Q9Y666,H0YD86,Q13772;Q13772-3;Q13772-4
A0A0G2JPR0,H0YET3;Q14207,Q14151
A0A0J9YW18;F6RP06;Q12983,H0YKD8;P46779;P46779-2;P46779-3,Q14692
A0A0J9YXN7;Q96Q06;Q96Q06-2,H0YLF3,Q15057
A0A0S2Z5D0;A0A1B0GTU6;A0A1B0GTV3;A0A1B0GU90;A0A1B0GUD2;A0A1B0GW73;H3BNF1;H3BUT1;H3BUV4;Q9NWW5;Q9NWW5-2,H0YNA7;Q8TCT8,Q15637-2;Q15637-6
A0A0U1RRB9;F2Z2V1;Q96C11;Q96C11-3,H3BLV9;Q96SB4;Q96SB4-3;Q96SB4-4,Q16763
A0A0U1RRK1;A0A286YF11;F6XEV2;Q9BPX6;Q9BPX6-2;Q9BPX6-3;S4R3D7;S4R3V1,H3BMN5;P22676,Q5EBL4
A0A0U1RRL5;P32519;P32519-2,H3BMY1;P17538;Q6GPI1,Q5JTJ3;Q5JTJ3-2;Q5JTJ3-3;X6R5Z6
A0A140T912,H3BPL5;Q96ES7,Q5T0N5;Q5T0N5-2;Q5T0N5-3;Q5T0N5-4;Q5T0N5-5;S4R347
A0A140T913;A0A140T9I0;A0A140T9X5;P01892,I3L1Q3;I3L2A9;I3L2T0;I3L3N8;I3L437;Q8TE02;Q8TE02-2;Q8TE02-3;Q8TE02-4,Q5VTL8
A0A140T9M0;P04222,I3L1Q6;J3QKT0;J3QSE5;P04180,Q5VTR2
A0A140TA33;A0A140TA41;A0A140TA52;P22105;P22105-3;P22105-4,I3NI29;Q9NRY6,Q6IBS0
A0A1B0GTJ7;A0A1B0GWJ0;P30566,J3KNC0;P52655,Q6UY14;Q6UY14-2;Q6UY14-3
A0A1B0GTL5,J3KNC3,Q712K3
A0A1B0GTM2;P48728,J3KNF4,Q7L0J3;Q7L0J3-2
A0A1B0GTM3;A0A1B0GUA4;A0A1B0GUH5;A0A1B0GW68;Q13510;Q13510-2,J3KQ66;P78509;P78509-2;P78509-3,Q7LBC6
A0A1B0GTW1;Q9UDY2;Q9UDY2-3;Q9UDY2-7,J3KQL8,Q7Z5K2;Q7Z5K2-2;Q7Z5K2-3
A0A1B0GU97;A0A1B0GW37,J3KR97;Q9BTW9,Q86UU1-2
A0A1B0GV47;Q7Z4S6;Q7Z4S6-2;Q7Z4S6-3;Q7Z4S6-4;Q7Z4S6-5;Q7Z4S6-6,J3KTA4;P17844,Q86VP6
A0A1B0GVC3;A0A1B0GWA9;Q96HU8,J3QRG6;P42771;P42771-4,Q86W92-2
A0A1B0GVD5;A0A1B0GW44;A0A1B0GWE8;P07339,J3QSU6;P24821;P24821-4,Q8IWB1
A0A1B0GVF1,J3QSV6;O76021,Q8IY37
A0A1B0GW23;Q03154,K7EK33;K7EQ02;K7EQ55;Q96EP5;Q96EP5-2,Q8IZH2;Q8IZH2-2
A0A1W2PNF0;A0A1W2PNY6;A0A1W2PPE6;A0A1W2PPG9;A0A1W2PPH4;A0A1W2PQ13;A0A1W2PQ60;A0A1W2PQD6;A0A1W2PQH2;A0A1W2PQL8;A0A1W2PR66;A0A1W2PRN3;A0A1W2PRT7;A0A1W2PS45;A0A1W2PS77;A0A1W2PSA9;A0A1W2PSD1;Q9Y2D2;Q9Y2D2-2;Q9Y2D2-3,K7ELL7,Q8N543
A0A1W2PNW1;P42226,K7ENT6,Q8N684;Q8N684-2;Q8N684-3
A0A1W2PPB7;E9PH70;H0Y8E4;Q9ULH0;Q9ULH0-2;Q9ULH0-4,K7ERG9;P00746,Q8N7H5;Q8N7H5-3
A0A1W2PPG1;A0A1W2PPG5;A0A1W2PPP5;A0A1W2PQM3;A0A1W2PS81;E7EQ34;I3NI02;O14653;O14653-2,K7ESN3;Q8N2G8;Q8N2G8-2;Q8N2G8-3,Q8NEU8;Q8NEU8-3
A0A1W2PPH1;P23368,M0QWZ7;Q9NP81,Q8TAA9;Q8TAA9-2
A0A1W2PPZ5;P23193,M0QYG8;M0R0C1;M0R1D2;O60234,Q8WWI5;Q8WWI5-2;Q8WWI5-3
A0A1W2PQ51;A0A1X7SBZ2;Q92841,M0QYM7,Q8WXD5
A0A1W2PQS6,M0QYZ2;M0R0N4;P53680,Q8WYQ5;Q8WYQ5-3
A0A1W2PQV2;H3BUH9;P23434,M0R117;Q02543,Q92598
A0A1W2PR06;P52569;P52569-3,O00291;O00291-3,Q969E4
A0A286YEX4;P08651;P08651-5;P08651-6,O00299,Q969M3;Q969M3-3
A0A286YF22;O43175,O00303,Q96BZ8
A0FGR8-2;H7BXI1,O00425,Q96CN9
A0PJX8,O00479,Q96CW5;Q96CW5-2
A1X283,O00505,Q96F63
A2A274;Q99798,O00560;O00560-3,Q96JB2
A2A2G4;Q9Y672,O00622,Q96MW5
A3KMH1;A3KMH1-3,O00625,Q96PK6
A4D1P6;A4D1P6-2;C9J1X0,O00629,Q96PZ0
A6NCN2;F5GYI5;O43790;P78385;P78386,O00763;O00763-3,Q96S44
A6NCS6,O00767,Q99584
A6NDB9,O14494,Q99661;Q99661-2
A6NEL0;P05114,O14498,Q9BQ39
A6NGP5;Q9H910;Q9H910-3,O14672,Q9BQE4
A6NGW1;O95070,O14744,Q9BQG0;Q9BQG0-2
A6NJD9;A8MVT4;A8MYK1;H7C2P7;Q16540,O14745,Q9BRS2
A6NK44;H7C348,O14763;O14763-2,Q9BSC4;Q9BSC4-2;Q9BSC4-4
A6NLN1;P26599;P26599-2;P26599-3,O14773,Q9BTC0
A6NLP5,O14776;O14776-2,Q9BTX1;Q9BTX1-2;Q9BTX1-5;Q9BTX1-6
A6NMH6;Q92599;Q92599-2;Q92599-4,O14786,Q9BW19
A6NNI4;G8JLH6;P21926,O14966,Q9BXJ1;Q9BXJ1-2
A6XGL2;C9JNR5;F8WCM5;P01308,O14980,Q9BYN0
A6ZKI3,O15061,Q9BZX2
A8K878;P55145,O15067,Q9H089
A8MU27;A8MUA9;P55854;P55854-2,O15116,Q9H4G4
A8MUH2;P18859;P18859-2,O15212,Q9H501
A8MUS3;H7BY10;K7EJV9;K7ERT8;P62750,O15231;O15231-4;O15231-7,Q9H6X2;Q9H6X2-5
A8MZH8;P53801,O15400;O15400-2,Q9HA47;Q9HA47-3;Q9HA47-4
B0S8I6;Q14320,O15439,Q9HCU0
B0YIW2;P02656,O15446;O15446-2,Q9NP84
B1AH87;P30536,O15460;O15460-2,Q9NRX4;Q9NRX4-2
B1AHD1;P55769,O43143,Q9NTZ6
B1AK87;B1AK88;P47756-2,O43294,Q9NV31
B1AKG0;Q03591,O43396,Q9NW64;Q9NW64-2
B1AKR6;Q9NP97,O43399-2;O43399-3;O43399-4,Q9NW97
B1ALH6;O14832,O43504,Q9NXG2
B1AMW1;H0YDI1;P19256;P19256-2;P19256-3,O43592,Q9NYA1-2
B1AN99;P35030;P35030-2;P35030-3;P35030-4;P35030-5,O43657,Q9NYB0
B1AP13;H3BLV0;H7BY55;P08174;P08174-2;P08174-3;P08174-4;P08174-5;P08174-6;P08174-7,O43719,Q9NZP8
B2R5W2;B4DY08;G3V4W0,O43795,Q9NZZ3;Q9NZZ3-2
B4DDF4;B4DUT8;Q99439,O43852;O43852-3,Q9UBR2
B4DI03;K7EJQ7;Q9BY50,O43854;O43854-2,Q9UHI8
B4DLN1,O60264,Q9UKN8
B4DM58;P00374,O60306,Q9UKX7;Q9UKX7-2
B4DPQ0;F5H2D0,O60565,Q9ULW0;Q9ULW0-2
B4DR61;P61619,O60637;O60637-3,Q9Y2W2
B4DR80;Q9Y6E0-2,O75223,Q9Y2Z4
B4DW73,O75369-8,Q9Y613
B4DY26;P36897;P36897-2,O75396,
B4E1Z4,O75400;O75400-3,
B5MD23;O75954,O75487;O75487-2,
B5MDE0;Q96AA3,O75494;O75494-2;O75494-3;O75494-4;O75494-5;O75494-6;Q5JRI1,
B5MDU6;Q9H6V9;Q9H6V9-2,O75508,
B7Z3R2;Q9ULQ1;Q9ULQ1-2;Q9ULQ1-3,O75531,
B7Z4C8;B7Z4E3;C9JU56;H7C2W9;P62899;P62899-2;P62899-3,O75592;O75592-2,
B7Z596;F5H7S3,O75694;O75694-2,
B7Z5J4;Q9UI42;Q9UI42-2,O75828,
B7Z6D5;Q96GQ7,O75882;O75882-2,
B7Z8V7,O75923;O75923-10;O75923-11;O75923-12;O75923-13;O75923-14;O75923-2;O75923-3;O75923-4;O75923-5;O75923-6;O75923-7;O75923-8;O75923-9,
B7ZAQ6;B7ZAQ6-2;B7ZAQ6-3;P0CG08,O76003,
B7ZAX5;Q01415;Q01415-2,O76024,
B7ZL14;Q96RU3;Q96RU3-2;Q96RU3-3;Q96RU3-4;Q96RU3-5,O76031,
B7ZLQ8;E5RJM0;Q17RY0;Q17RY0-2,O76061,
B8ZZF5;C9J5M4;Q9H8M9,O94776,
B8ZZN6;P63165,O94808,
B8ZZQ6;P06454;P06454-2,O94842;O94842-2;O94842-3,
B9A008;E7ENR5;H0Y714;Q96G21,O94915,
C0MHM2;D3DWC4;E6ZCI6;Q86VZ5,O94925,
C9J052;Q9NSU2;Q9NSU2-1;Q9NSU2-2,O94973,
C9J0E8,O95183,
C9J0W7;C9JNM5;F8W782;Q96A54,O95292,
C9J473,O95297;O95297-2,
C9J494;Q9H000;Q9H000-2,O95347,
C9J5N1;Q9BTE6;Q9BTE6-2;Q9BTE6-3,O95373,
C9J5P1;C9JNE2;C9JXC3;H7C5Q1;Q9Y530,O95445;O95445-2;Q5SRP5,
C9J712;P35080,O95562;Q5TIH2,
C9J813,O95573,
C9J979;Q5TA45;Q5TA45-2;Q5TA45-3,O95760;O95760-2;O95760-3;O95760-4,
C9JAX1;Q16595,O95782;O95782-2,
C9JEJ2;P49585,O95864,
C9JF17;P05090,O95980,
C9JFR7;P99999,P00488,
C9JIF9;P13798,P00533,
C9JJ19;P82930,P00747,
C9JKA9;Q9NS87;Q9NS87-2;Q9NS87-3,P00750,
C9JKL2;C9JPX5;O95772;O95772-2,P00813,
C9JLB7;Q96HP4;U3KQU8,P00966,
C9JME2;Q9Y4F1;Q9Y4F1-2,P01023,
C9JNW5;C9JXB8;P83731,P01024,
C9JQ41;H7C525;Q4VC31,P01031,
C9JQD1;P35557;P35557-2;P35557-3,P01033,
C9JQV3;Q8N1F8,P01034,
C9JRJ5;Q9UGP4,P02452,
C9JS27;Q7L592,P02458,
C9JVN9;Q9H9P8;Q9H9P8-2,P02461,
C9JW74;Q5EB52;Q5EB52-2,P02675,
C9JXF9;P08833,P02751,
C9JZB0;Q9BT40;Q9BT40-2,P02792,
D3DTX6;Q96SB3,P02794,
D3YTC7;Q9UBM1;Q9UBM1-2;Q9UBM1-3,P02795,
D6R9Z7;P15954,P03956,
D6RB73;D6RE58;D6RHG0;P78383;P78383-2,P04062;P04062-2;P04062-4,
D6RB81;Q9UHK6;Q9UHK6-5,P04114,
D6RCP5;Q8N264;Q8N264-3,P04179-4,
D6RD67,P04732,
D6RDL6;D6RG03;P18405,P04899,
D6REA0;O75879,P04920;P04920-2;P04920-3,
D6RER5;D6RGI3;Q9NVA2,P05120,
D6RF23,P05121,
D6RF35,P05387,
D6RGG3;Q99715;Q99715-4,P05556,
D6RID8;Q13888;Q6P1K8,P05783,
E5RFF8;E5RIL5;J3KNU2;Q8IX29;Q8IX29-2,P05787;P05787-2,
E5RHW4;O94905,P06280,
E5RI98,P06756;P06756-3,
E5RIM7;O00244,P07093-2;P07093-3,
E5RIW3;E5RJD8;O75347,P07195,
E5RIZ4;Q9P015,P07585,
E7EM64;Q7L5N1,P07951,
E7EM93;Q9BQG2,P07951-2,
E7ENE7;P10635,P07996,
E7ENL6;P12111-4,P08238,
E7EPB3;P50914,P08240,
E7EPN9;Q9Y520;Q9Y520-4;Q9Y520-5;Q9Y520-7,P08253;P08253-2;P08253-3,
E7EPS8;P28827;P28827-2,P08263,
E7EPT4;P19404,P08670,
E7EQ64;P07477,P08697,
E7EQR4;P15311,P08727,
E7EQR8;Q9GZM5,P09104,
E7EQT4;Q9UKV3;S4R3H4,P09429;Q5T7C4,
E7EQU1;E7ES08;E9PES6;O15347,P09486,
E7ESK6;E9PBI9;P34741,P09493-7,
E7ESP4,P09496-2,
E7ETB3;Q9ULA0,P09525,
E7ETC6;H0YA72;Q86YL7;Q86YL7-3;Q86YL7-4;Q86YL7-5;Q86YL7-6,P09601,
E7ETH0;G3XAM2;P05156,P09622,
E7ETU5;F6Y5H0;P29558;P29558-2,P09874,
E7EU96;P68400,P09972,
E7EV01;O15484,P0C0S5;Q71UI9,
E7EVQ6;Q14534,P10253,
E7EVS6,P10646,
E7EVX8;Q8WWY3,P11233,
E7EX17;P23588;P23588-2,P11498,
E7EX44;Q05682-3,P11586,
E9PAV3;E9PAV3-2;F8VZJ2;H0YHX9;Q13765,P11717,
E9PBW4;P02100;P69891;P69892,P11940,
E9PC15;Q53H12,P12235,
E9PCX7,P12270,
E9PDR0;P05166,P12882,
E9PDU6,P13611,
E9PEJ6;H0Y547;P98196,P13726,
E9PF46;F8WA34;P14621;U3KPX1,P14314-2,
E9PGF5,P14778,
E9PH64;Q9Y6M9,P14866,
E9PHV5;P28290;P28290-2;P28290-3,P15104,
E9PIE4,P15144,
E9PIJ7;P07332;P07332-3,P15153,
E9PIV2;F8VSD2;F8W1V1;P24001;P24001-2;P24001-3,P15529;P15529-10;P15529-11;P15529-12;P15529-13;P15529-14;P15529-15,
E9PJF4;E9PMI6;J3KN38;P54105,P15529-2;P15529-3;P15529-4;P15529-5;P15529-6;P15529-7,
E9PJJ5;E9PK99;E9PMS5;E9PRT1;Q4G0X4,P16035,
E9PJL7;E9PR44;P02511,P16234,
E9PJM4;E9PL17;Q92989;Q92989-2,P16989-2,
E9PKC0;Q6IQ23;Q6IQ23-2,P17252,
E9PKF3,P17301,
E9PKT4;Q8N131;Q8N131-2,P17405;P17405-4,
E9PLL6;P46776,P17813;P17813-2,
E9PLN8;F8W9H0;I3L3B4;Q9BQB6;Q9BQB6-2;Q9BQB6-3,P17900,
E9PM75;Q9NTG7,P18084,
E9PMR4;P48509,P18583;P18583-5;P18583-7;P18583-9,
E9PMS6,P19021-5,
E9PNW4;E9PR17;P13987,P19022,
E9PP16;Q8ND30;Q8ND30-2;Q8ND30-3,P19320,
E9PPW7;O00217,P19367,
E9PR30;P62861,P19440,
E9PRQ4,P19623,
E9PS00;Q9Y5Q0,P20290,
E9PS44;Q01628,P20339;P20339-2,
E9PS74;Q8NBI5;Q8NBI5-2,P20700,
F5GXB1;Q9HBH0;Q9HBH0-2,P20742,
F5GXJ1;F5H5N1;O75251;O75251-2,P20839;P20839-3;P20839-5;P20839-6;P20839-7,
F5GXV8;F5GY08;I3L521;J3KPD3;Q9Y580,P20908,
F5GXX5;P61803,P21281,
F5GYA2;P13051;P13051-2;Q68DM5,P21283,
F5GYQ1;P61421,P21397,
F5GYY5;F5H324;P51690,P22234,
F5GYZ5,P22692;P22692-2,
F5GZG1,P22760,
F5GZS6;J3KPF3;P08195;P08195-2;P08195-3;P08195-4,P23219;P23219-2;P23219-3;P23219-5;P23219-6,
F5H039;Q9NQX3;Q9NQX3-2,P23510,
F5H101;Q76FK4;Q76FK4-2;Q76FK4-4,P23526,
F5H1Z6;F5H8H3;Q9Y365,P23786,
F5H2F4,P24385,
F5H365;Q15436,P24844,
F5H5R8;P18440,P25685,
F5H658;Q14562,P26022,
F5H8B0;P08709;P08709-2,P26196,
F5H8H2;Q03426,P26583,
F6QDS0;I3L0H8;Q9NUU7,P27105,
F6T1Q0;Q6L8Q7;Q6L8Q7-2,P27487,
F6TLX2;Q9HC38-2,P27658,
F6U1T9,P27797,
F6UJY1;J9JIE9;Q5T013,P27824;P27824-2,
F8VP71;F8VZA2;Q6P1Q0;Q6P1Q0-2;Q6P1Q0-4;Q6P1Q0-7,P29966,
F8VUJ3;Q8N4A0,P30041,
F8VV56;F8VWK8;F8W022;P08962;P08962-2;P08962-3,P30085,
F8VWB0;F8VZL6;F8W154;F8W1C0;F8W1F2;F8W1P7;P49281;P49281-2;P49281-3;P49281-4;P49281-5,P30405,
F8VWW8;Q92485,P30481,
F8VX04;Q9H2H9,P30533,
F8VXG7;Q99590;Q99590-2,P31350;P31350-2,
F8VXY3;P00973;P00973-2;P00973-3;P00973-4,P31689,
F8W1A4;P54819;P54819-2,P31751;P31751-2,
F8W1B3;Q8WUD6,P32189;P32189-1;P32189-2;P32189-4,
F8W6I7;P09651;P09651-2,P32321;P32321-2,
F8W7C6,P32456,
F8W7Q4;Q96A26,P33121,
F8W7Q8;J3KQ12;Q96G97;Q96G97-3;Q96G97-4,P35052,
F8W8I6;P31483,P35251;P35251-2,
F8W8T1;P20591,P35354,
F8W8W7;J3KQ45;O43493;O43493-2;O43493-3;O43493-5,P35442,
F8WA39;Q13613;Q13613-2,P35580;P35580-3,
F8WBG6;F8WF27;P30408,P35613;P35613-2;P35613-4,
F8WCA0;J3QRU4;L7N2F9;P63027,P35754,
F8WCF6;P59998;P59998-3,P35858;P35858-2,
G3V0I5;P49821;P49821-2,P36578,
G3V1N2,P37173;P37173-2,
G3V1S4;G3V5S9;Q9Y324,P37235,
G3V1Y8;Q86U10;Q86U10-3,P37268,
G3V203;J3QQ67;Q07020,P37837,
G3V2W1;Q9UK55,P38117,
G3V4Z6;H0YJ95;Q9UM01,P38606,
G3V529;Q9GZR7,P38646,
G3V5Z7;P60900,P38919,
G3XAK1;P26927,P38936,
G3XAP6;P49747;P49747-2,P39748,
G5E933;O95248;O95248-4,P40818;P40818-2,
G5EA30;Q92879;Q92879-2;Q92879-3;Q92879-4;Q92879-5;Q92879-6,P41240,
G8JLB3;Q9Y606;Q9Y606-2,P42167,
H0UI06;P14406,P42224,
H0Y300,P42338,
H0Y368;O60762;Q5QPK2,P43304,
H0Y3K4;Q96EV2,P43487;P43487-2,
H0Y4R1;P12268,P45973,
H0Y5B4;H7BZ11;J3KQN4;P83881,P46063,
H0Y7A7;P0DP23;P0DP24;P0DP25,P46109,
H0Y8X4;O43598,P46976;P46976-2,
H0YAC1,P48307;P48307-2,
H0YAZ1;Q96BY9,P48681,
H0YB09;Q7Z3D6-2;Q7Z3D6-4,P48739;P48739-2;P48739-3,
H0YBC7;O60238;O60238-2,P48775,
H0YC42,P49321,
H0YD21;I3L448;Q5TC12;Q5TC12-3,P49327,
H0YDR3;Q8N5M4,P49589-3,
H0YI37,P49591;Q5T5C7,
H0YK62;O43315,P49755,
H0YL52;P09493,P49915,
H0YLA2;P37108,P49916;P49916-3,
H0YLF3,P50281,
H0YN04;Q9HA82,P50453,
H0YNA7;Q8TCT8,P50570,
H0YNM1;P30047,P50750;P50750-2,
H3BLU7;O43488,P50990,
H3BM14;H3BM74;Q9Y5A7;Q9Y5A7-2,P51003,
H3BMF4;Q9H2V7;Q9H2V7-2;Q9H2V7-3,P51149,
H3BMY1;P17538;Q6GPI1,P51153,
H3BNK8;H3BNT4;H3BU96;Q99547,P51589,
H3BP28;Q99807,P51798;P51798-2,
H3BPB8;P34949,P51809,
H3BPJ9;O96000,P51911,
H3BPL5;Q96ES7,P52294,
H3BR10,P52566,
H3BR29;H3BSM7;Q96GQ5,P52701,
H3BRD2;P55789,P52948;P52948-5;P52948-6,
H3BRN4;P80404,P53370,
H3BS09;J3KRR7;Q9NQC7;Q9NQC7-2,P54289-4,
H3BTB7;Q5JPH6;Q5JPH6-2,P54709,
H7BXK9;Q9NP58;Q9NP58-4,P55060;P55060-3,
H7BXR3;O94875-5,P55285,
H7BXY3;Q7L2E3;Q7L2E3-2;Q7L2E3-3,P55287,
H7BY57;O94856-12;O94856-4;O94856-9,P55290;P55290-4,
H7BZJ3,P55884;P55884-2,
H7BZW2;Q6P2H3;Q6P2H3-2;Q6P2H3-4,P56181-2,
H7C0X4;Q92685,P56199,
H7C1U8;Q9BUR5,P56545;P56545-2;P56545-3;Q5SQP8,
H7C2F2,P57740,
H7C2G2;Q93070,P57772,
H7C5G1;Q2TAA2;Q2TAA2-2,P58004,
H9KV50;Q9NZV5;Q9NZV5-2,P60520,
I1E4Y6;Q6Y7W6;Q6Y7W6-4;Q6Y7W6-5,P60602,
I3L0A0,P60953,
I3L0U5;Q6PK04,P61088,
I3L0W4;Q96F10,P61224,
I3L172;Q9BUT9;Q9BUT9-2,P62314,
I3L295;J3KT75;J3KTK8;J3QQZ4;J3QRD5;J3QS48;J3QW43;O75352;O75352-2,P62316,
I3NI29;Q9NRY6,P62487,
I6L894;Q01484;Q01484-2;Q01484-5,P62736,
J3KMZ9;P01130;P01130-3,P62805,
J3KND3;P60660,P62873,
J3KNF4,P62879,
J3KNL6,P62995;P62995-3,
J3KNN3;P15735;P15735-2,P63000;P63000-2,
J3KNV4;Q13683;Q13683-10;Q13683-3;Q13683-7;Q13683-9,P63092;P63092-2;P63092-3;P63092-4;Q5JWF2;Q5JWF2-2,
J3KPS0;Q9NXW2,P63096,
J3KPX7;Q99623,P63241;P63241-2,
J3KQ06;Q9NWC5,P67936-2,
J3KQ32;Q9NTK5,P68366;P68366-2,
J3KQ72;Q9NRD1,P68371,
J3KQL8,P78324;P78324-2;P78324-4,
J3QL56;O75880,P80723,
J3QL71;Q96FV2;Q96FV2-2,P81605;P81605-2,
J3QLB2;Q8N1S5;Q8N1S5-2,P82094;P82094-2,
J3QLE5;P14678;P14678-2;P14678-3;P63162;P63162-2,P82970,
J3QLU9;P04626;P04626-4;P04626-5;P04626-6,P83111,
J3QRS3;P19105,P84022,
J3QRV5;Q6P1M3;Q6P1M3-2,P84157-2,
J3QT28;O43684;O43684-2,P86790;P86791,
K4DI93;Q13620;Q13620-1,P98095;P98095-2,
K7EK11;Q8N159,P98160,
K7EKC1;K7ERZ8;P53539;P53539-10;P53539-3;P53539-4;P53539-7,Q00266,
K7ELC2;P62841,Q00587;Q00587-2,
K7ELL7,Q00839,
K7ELQ9;Q6UW68,Q01105-2,
K7EM38,Q01469,
K7EMR7;O75298;O75298-3;Q7RTN0,Q01581,
K7ENI6;K7ERE1;Q8N2U0,Q01650,
K7ENT6,Q01970,
K7EP90;K7EQ03;Q9BTD8;Q9BTD8-2;Q9BTD8-3;Q9BTD8-4,Q01974,
K7EPA3;Q9NX61;Q9NX61-2,Q02410;Q02410-2,
K7EPS8;Q9NSK7;Q9NSK7-2;Q9NSK7-3;Q9NSK7-4,Q03111,
K7EQG4;O00168,Q03135,
K7ER88,Q05209,
K7ERI9;P02654,Q05823;Q05823-2,
K7ESN3;Q8N2G8;Q8N2G8-2;Q8N2G8-3,Q05BS2;Q96SL1;Q96SL1-2,
M0QYM7,Q06033;Q06033-2,
M0QYN0;Q969H8,Q06323,
M0QZ12;Q96CP6;Q96CP6-2;Q96CP6-3,Q06481;Q06481-3;Q06481-6,
M0R0A9;M0R0K7;P55899,Q07666;Q07666-2,
M0R0F0;P46782,Q07954,
M0R117;Q02543,Q08211,
M0R1F3,Q08357,
M0R2A0;Q5UCC4;Q5UCC4-2,Q08380,
O00142;O00142-2;O00142-3;O00142-6,Q08431,
O00151,Q08830,
O00159-3,Q08945,
O00161,Q08AM6,
O00165;O00165-2,Q0ZGT2;Q0ZGT2-4,
O00182;O00182-2;O00182-3;O00182-6,Q10570,
O00193,Q12841,
O00203;O00203-3,Q12888;Q12888-2,
O00232,Q12959;Q12959-3;Q12959-5,
O00264,Q12965,
O00267,Q13015,
O00273,Q13085;Q13085-2;Q13085-3;Q13085-4,
O00422;X6RAL5,Q13093,
O00442;O00442-2,Q13145,
O00443,Q13185,
O00461,Q13219,
O00462,Q13242,
O00468-6,Q13308;Q13308-6,
O00469-2,Q13310-3,
O00479,Q13315,
O00483,Q13363;Q13363-2,
O00507,Q13409;Q13409-2;Q13409-3;Q13409-7,
O00515,Q13433,
O00519,Q13439;Q13439-3;Q13439-4;Q13439-5,
O00560;O00560-3,Q13451,
O00566,Q13501,
O00592;O00592-2,Q13509,
O00757,Q13530;Q13530-2,
O00763;O00763-3,Q13561;Q13561-2;Q13561-3,
O00767,Q13641,
O14495,Q13642-1;Q13642-4;Q13642-5,
O14521;O14521-2,Q13671,
O14548,Q13772;Q13772-3;Q13772-4,
O14561,Q13838;Q13838-2,
O14569;U3KQU4,Q13885,
O14579,Q13895,
O14639-2,Q13907,
O14656,Q14118,
O14657,Q14126,
O14678,Q14137,
O14681,Q14145,
O14734,Q14457,
O14744,Q14498;Q14498-2,
O14745,Q14558;Q14558-2,
O14756,Q14571,
O14773,Q14573,
O14776;O14776-2,Q14699,
O14802,Q14739,
O14818,Q14790;Q14790-2;Q14790-4;Q14790-9,
O14841,Q14956;Q14956-2,
O14874,Q14CX7,
O14880;Q5VV89,Q15036,
O14908,Q15042,
O14949,Q15061,
O14974,Q15075,
O14975,Q15113,
O14980,Q15181,
O15013;O15013-4;O15013-5;O15013-6;O15013-7,Q15274,
O15020,Q15392,
O15091;O15091-2;O15091-4,Q15424;Q15424-3;Q15424-4,
O15120,Q15459,
O15126,Q15542;Q15542-2,
O15145,Q15633;Q15633-2,
O15156;O15156-2,Q15648,
O15173;O15173-2,Q15654,
O15212,Q15758,
O15226;O15226-2,Q15843,
O15229,Q15907,
O15239,Q16181-2,
O15254,Q16270;Q16270-2,
O15258,Q16401,
O15260,Q16610;Q16610-4,
O15305,Q16647,
O15400;O15400-2,Q16666;Q16666-2;Q16666-3,
O15431,Q16678,
O15446;O15446-2,Q16739,
O15460;O15460-2,Q16832,
O15488;O15488-2;O15488-3,Q16864;Q16864-2,
O15511,Q3SY69,
O15551,Q460N5;Q460N5-4,
O43143,Q4L180;Q4L180-2;Q4L180-3;Q4L180-5;Q4L180-7,
O43172;O43172-2,Q53FT3,
O43181,Q53GA4,
O43242,Q53GG5-2,
O43251-6;O43251-8,Q58FF6,
O43293,Q5F1R6;Q5F1R6-2;Q5F1R6-3,
O43390,Q5GLZ8;Q5GLZ8-2;Q5GLZ8-3;Q5GLZ8-6,
O43396,Q5K651,
O43399;O43399-5;O43399-7,Q5SRE5,
O43414,Q5SW79,
O43491,Q5T0D9,
O43676,Q5T4K2;Q5T4K3;Q5T4K4;Q9NY26;Q9NY26-2,
O43678,Q5T7U1;Q9Y5Q8;Q9Y5Q8-2;Q9Y5Q8-3,
O43704,Q5TCZ7;Q9NTM9,
O43707,Q5VYS4,
O43708,Q659C4,
O43715,Q68CQ7,
O43719,Q6DKI1,
O43741,Q6EMK4,
O43772,Q6IAA8,
O43826;O43826-2;U3KPU7;U3KQS2,Q6MZP7;Q6MZP7-2;Q6MZP7-5,
O43903,Q6P1Q9;Q6P1Q9-2,
O43920,Q6P2Q9,
O60216,Q6PI48,
O60220,Q6PI78,
O60244,Q6Q759,
O60271,Q6UVY6;Q6UVY6-2,
O60341;O60341-2,Q6UWP7;Q6UWP7-3,
O60437,Q6XD76,
O60449-2;O60449-3;Q8IX05;Q8IX05-2,Q6YHK3,
O60551,Q6ZS30,
O60637;O60637-3,Q6ZUT6,
O60656,Q76LX8;Q76LX8-2,
O60664-2,Q76M96;Q76M96-2,
O60684,Q7L9L4;Q7L9L4-2;Q9H8S9,
O60701,Q7RTV2,
O60704,Q7Z3B4;Q7Z3B4-3,
O60739,Q7Z3C6;Q7Z3C6-2,
O60763,Q7Z434,
O60784,Q7Z5H4,
O60814;P57053,Q7Z6Z7;Q7Z6Z7-2;Q7Z6Z7-3,
O60826,Q86U90,
O60869;O60869-2;O60869-3,Q86UE4,
O75027;O75027-2,Q86UP2,
O75083,Q86UU1-2,
O75146,Q86UX7;Q86UX7-2,
O75153,Q86WA6;Q86WA6-2,
O75170;O75170-2;O75170-3;O75170-4;O75170-5;O75170-6,Q86WV6,
O75191,Q86Y82,
O75208,Q86YP4;Q86YP4-2;Q86YP4-3,
O75223,Q86YS6,
O75306,Q8IUF8;Q8IUF8-4,
O75312,Q8IUR7;Q8IUR7-2,
O75319,Q8IUX7;Q8IUX7-2,
O75323,Q8IV08,
O75340,Q8IWA0,
O75351,Q8IWA5;Q8IWA5-2,
O75356,Q8IWB1,
O75369;O75369-2;O75369-9,Q8IWB7,
O75369-8,Q8IX12;Q8IX12-2,
O75380,Q8IXB1,
O75381;O75381-2,Q8IY37,
O75387;O75387-2,Q8IY81,
O75431;O75431-2,Q8IY95;Q8IY95-2,
O75436,Q8IYQ7,
O75438,Q8IZV5,
O75439,Q8N122,
O75452,Q8N1W1;Q8N1W1-3;Q8N1W1-4;Q8N1W1-5;Q8N1W1-6,
O75460,Q8N392;Q8N392-2,
O75477,Q8N490-2,
O75489,Q8N556;Q8N556-2,
O75494;O75494-2;O75494-3;O75494-4;O75494-5;O75494-6;Q5JRI1,Q8N8S7,
O75506,Q8NBI6,
O75525;O75525-2,Q8NBJ4;Q8NBJ4-2,
O75534;O75534-4,Q8NBK3;Q8NBK3-4;Q8NBK3-5,
O75592;O75592-2,Q8NBL1,
O75608;O75608-2,Q8NBX0,
O75695,Q8NC51,
O75746,Q8NCC3,
O75764,Q8NE86;Q8NE86-3,
O75795,Q8NF37,
O75818;O75818-2,Q8NFH3,
O75821,Q8NHZ8,
O75832,Q8NI27,
O75844,Q8TCD1,
O75845,Q8TD43;Q8TD43-2;Q8TD43-3,
O75874,Q8TDB4,
O75881,Q8TDN6,
O75886,Q8TDW0,
O75891;O75891-3,Q8TEQ6,
O75907,Q8TF66;Q8TF66-2,
O75909;O75909-4,Q8WUJ3,
O75911,Q8WUM0,
O75915,Q8WVM8,
O75925;O75925-2;O75925-3,Q8WVQ1;Q8WVQ1-3,
O75955,Q8WVX9,
O75964,Q8WWI5;Q8WWI5-2;Q8WWI5-3,
O76031,Q8WX93;Q8WX93-3,
O76054,Q8WXX5,
O76062,Q92466,
O76071,Q92520,
O76082;O76082-3,Q92522,
O94760,Q92575,
O94808,Q92598,
O94826,Q92611,
O94874,Q92616,
O94875-11;O94875-9,Q92626,
O94886,Q92665,
O94903,Q92692,
O94906,Q92743,
O94919,Q92769,
O94925,Q92820,
O94925-3,Q92896;Q92896-2,
O94929-3,Q92974;Q92974-2;Q92974-3;V9GYM8,
O95049;O95049-3;O95049-4;O95049-5,Q93009,
O95081,Q969G5,
O95140,Q96AY3,
O95154,Q96BM9,
O95163,Q96C19,
O95164,Q96D15,
O95168;O95168-2,Q96EK6,
O95169;O95169-3,Q96F86,
O95182,Q96FZ7,
O95236;O95236-2,Q96G23,
O95297;O95297-2,Q96GC9;Q96GC9-2,
O95302,Q96IZ0,
O95336,Q96J84;Q96J84-2,
O95342,Q96JB6,
O95372,Q96JC1;Q96JC1-2,
O95394;O95394-3;O95394-4,Q96K49;Q96K49-2,
O95470,Q96NE9;Q96NE9-2,
O95477,Q96PD2;Q96PD2-2,
O95479;R4GMU1,Q96QD8,
O95486,Q96RE7,
O95528,Q96SQ9,
O95562;Q5TIH2,Q96TA2;Q96TA2-2;Q96TA2-3,
O95563;Q5R3B4,Q99519,
O95573,Q99536,
O95630,Q99584,
O95671;O95671-2,Q99613,
O95674,Q99729-3,
O95747,Q99985,
O95758;O95758-1;O95758-2;O95758-4;O95758-5;O95758-6;O95758-7,Q99988,
O95793;O95793-2,Q9BQ39,
O95810,Q9BQ67,
O95816,Q9BQ69,
O95822;O95822-2,Q9BQA1,
O95831,Q9BQJ4,
O95864,Q9BQL6,
O95865,Q9BRK3;Q9BRK3-3,
O95881,Q9BRK5,
O95954,Q9BRQ8,
O96011,Q9BS40,
O96019,Q9BT67,
P00156,Q9BTE3-2,
P00167,Q9BU20,
P00325,Q9BUF5,
P00326,Q9BVG4,
P00338;P00338-3,Q9BVJ6,
P00352,Q9BVP2;Q9BVP2-2,
P00367,Q9BWD1;Q9BWD1-2,
P00390;P00390-2;P00390-3,Q9BWH2,
P00395,Q9BX69,
P00403,Q9BXS4,
P00439,Q9BYG3,
P00441,Q9BZF1;Q9BZF1-2;Q9BZF1-3,
P00450,Q9BZZ5-2,
P00480,Q9C0C2,
P00491,Q9C0H2;Q9C0H2-2,
P00492,Q9H074;Q9H074-2,
P00505,Q9H0A0,
P00558,Q9H0C8,
P00568;Q5T9B7,Q9H0E2,
P00734,Q9H0U4,
P00738,Q9H1C4,
P00739;P00739-2,Q9H1C7,
P00740;P00740-2,Q9H223,
P00748,Q9H237;Q9H237-2;Q9H237-3;Q9H237-4;Q9H237-5,
P00918,Q9H269,
P00966,Q9H2P9;Q9H2P9-2;Q9H2P9-3;Q9H2P9-4;Q9H2P9-5,
P01009,Q9H307,
P01011,Q9H3U5;Q9H3U5-3;Q9H3U5-5;Q9H3U5-6,
P01019,Q9H3Z4,
P01024,Q9H425;Q9H425-3,
P01031,Q9H4B7,
P01040,Q9H4G4,
P01042-2;P01042-3,Q9H583,
P01112,Q9H6S3;Q9H6S3-3,
P01834,Q9H6X2;Q9H6X2-5,
P02461,Q9H706;Q9H706-2;Q9H706-3,
P02462,Q9H7B2,
P02545-2,Q9H7C4;Q9H7C4-2,
P02647,Q9H7D7;Q9H7D7-2,
P02649,Q9H7E9;Q9H7E9-2,
P02652;V9GYE3;V9GYG9;V9GYM3,Q9H7F0,
P02675,Q9H8Y8,
P02741,Q9H9A6,
P02743,Q9H9Y2,
P02748,Q9HB07,
P02749,Q9HB71;Q9HB71-3,
P02750,Q9HCE0,
P02751,Q9HCK8;Q9HCK8-2,
P02753;Q5VY30,Q9HCS7,
P02760,Q9HCU0,
P02763,Q9HD34,
P02765,Q9NQT4,
P02786,Q9NR09,
P02787,Q9NR30,
P02790,Q9NRX1,
P02795,Q9NRX5,
P03886,Q9NS93,
P03897,Q9NSV4;Q9NSV4-1;Q9NSV4-2;Q9NSV4-4;Q9NSV4-5;Q9NSV4-6;Q9NSV4-7,
P03915,Q9NSY1,
P03928,Q9NUM4,
P04003,Q9NUP9,
P04004,Q9NV96,
P04035;P04035-2;P04035-3,Q9NVC3,
P04040,Q9NVJ2,
P04062;P04062-2;P04062-4,Q9NW97,
P04066,Q9NWV4,
P04075,Q9NX58,
P04080,Q9NYA1-2,
P04083,Q9NYJ8;Q9NYJ8-2,
P04179-4,Q9NYL9,
P04181,Q9NZD8,
P04196,Q9NZP5,
P04217,Q9P2D0-3,
P04275,Q9P2K8;Q9P2K8-2,
P04406,Q9UBB4,
P04424,Q9UBC2;Q9UBC2-2,
P04792,Q9UEU0,
P04818,Q9UEY8-2,
P04843,Q9UFN0,
P04844,Q9UH62,
P04899,Q9UH99,
P04920;P04920-2;P04920-3,Q9UHB6,
P05062,Q9UHI8,
P05067;P05067-9,Q9UHN6,
P05089,Q9UIQ6;Q9UIQ6-2;Q9UIQ6-3,
P05091,Q9UJS0;Q9UJS0-2,
P05106,Q9UJX6;Q9UJX6-2,
P05121,Q9UK76,
P05141,Q9UKX5;Q9UKX5-2,
P05155;P05155-2;P05155-3,Q9UL25,
P05165,Q9ULI3,
P05177;P05177-2,Q9ULU4-4,
P05181,Q9ULX6,
P05186;P05186-3,Q9UM22,
P05204,Q9UMS6,
P05362,Q9UN70,
P05387,Q9UNM6,
P05455,Q9UNX4,
P05546,Q9UQ80,
P05556,Q9UQR1,
P05783,Q9Y243;Q9Y243-2,
P05787;P05787-2,Q9Y295,
P06132,Q9Y2H6;Q9Y2H6-2,
P06133,Q9Y3D0,
P06213;P06213-2,Q9Y3T9,
P06396-2,Q9Y490,
P06576,Q9Y4G6,
P06703,Q9Y4K0,
P06733,Q9Y570;Q9Y570-4,
P06737;P06737-2,Q9Y5B9,
P06748;P06748-2,Q9Y5K8,
P06756;P06756-3,Q9Y5X1,
P07099,Q9Y617,
P07148,Q9Y625,
P07237,Q9Y639;Q9Y639-1,
P07305,Q9Y6M5,
P07306,,
P07307,,
P07307-2;P07307-3,,
P07327,,
P07355,,
P07357,,
P07437;Q5JP53,,
P07737,,
P07741,,
P07814,,
P07858,,
P07900;P07900-2,,
P07902,,
P07919,,
P07951,,
P07954;P07954-2,,
P08034,,
P08133,,
P08237;P08237-3,,
P08238,,
P08240,,
P08263,,
P08473,,
P08572,,
P08574,,
P08581;P08581-2,,
P08582,,
P08603,,
P08670,,
P08684,,
P08708,,
P08727,,
P08729,,
P08949;P08949-2,,
P09110,,
P09210,,
P09327,,
P09382,,
P09417,,
P09429;Q5T7C4,,
P09467,,
P09488,,
P09493-7,,
P09496-2,,
P09497;P09497-2,,
P09601,,
P09669,,
P09874,,
P09914;P09914-2,,
P09960,,
P09972,,
P0C0S5;Q71UI9,,
P0CG30;Q6ICJ4,,
P0CG39,,
P0DJI8,,
P0DJI9,,
P0DN79;P35520;P35520-2,,
P10114,,
P10253,,
P10301,,
P10398;Q96II5,,
P10515,,
P10586;P10586-2,,
P10599,,
P10606,,
P10620,,
P10632,,
P10643,,
P10646,,
P10768,,
P11137;P11137-3,,
P11137-4,,
P11166,,
P11168,,
P11172,,
P11182,,
P11226,,
P11233,,
P11310;P11310-2;Q5T4U5,,
P11387,,
P11413;P11413-2,,
P11498,,
P11509,,
P11532-5;P11532-6;P11532-7;P11532-8,,
P11586,,
P11712,,
P11717,,
P11766,,
P11908;P11908-2,,
P11940,,
P12074,,
P12235,,
P12236,,
P12429,,
P12814,,
P12931;P12931-2,,
P12955,,
P13073,,
P13196,,
P13497,,
P13667,,
P13671,,
P13716;P13716-2,,
P13797,,
P13804,,
P13807,,
P13861,,
P13929;P13929-2,,
P14174,,
P14209,,
P14210;P14210-3,,
P14314-2,,
P14324;P14324-2,,
P14384,,
P14550,,
P14625,,
P14735,,
P14866,,
P14868,,
P14920,,
P14927,,
P15104,,
P15121,,
P15144,,
P15291,,
P15374,,
P15428,,
P15529;P15529-10;P15529-11;P15529-12;P15529-13;P15529-14;P15529-15,,
P15848,,
P15880,,
P15907,,
P16070;P16070-10;P16070-11;P16070-12;P16070-13;P16070-14;P16070-16;P16070-17;P16070-18;P16070-3;P16070-4;P16070-5;P16070-6;P16070-7;P16070-8,,
P16083;Q5TD07,,
P16152,,
P16189,,
P16219,,
P16401,,
P16403,,
P16455,,
P16662,,
P16930,,
P17050,,
P17174,,
P17301,,
P17342;P17342-2,,
P17405;P17405-4,,
P17516,,
P17612;P17612-2,,
P17655,,
P17735,,
P17858,,
P18084,,
P18085,,
P18124,,
P18463,,
P18669,,
P19022,,
P19075,,
P19367,,
P19652,,
P19793;P19793-2,,
P19823;Q5T985,,
P19971;P19971-2,,
P20042,,
P20132,,
P20618,,
P20645,,
P20674,,
P20700,,
P20810-6,,
P20813,,
P20815,,
P21266,,
P21291,,
P21333;P21333-2,,
P21397,,
P21399,,
P21549,,
P21695,,
P21796,,
P21912,,
P21953,,
P21964;P21964-2,,
P22033,,
P22059,,
P22102,,
P22234,,
P22307,,
P22309,,
P22310,,
P22314;P22314-2,,
P22392-2;Q32Q12,,
P22413,,
P22695,,
P22760,,
P23141;P23141-2;P23141-3,,
P23284,,
P23378,,
P23396,,
P23497;P23497-3;P23497-4,,
P23526,,
P23527;P33778;Q16778;Q8N257,,
P23528,,
P23786,,
P23921,,
P24043,,
P24298,,
P24311,,
P24385,,
P24462;P24462-2,,
P24534,,
P24666,,
P24752,,
P24844,,
P25205;P25205-2,,
P25311,,
P25325;P25325-2,,
P25398,,
P25445;P25445-6,,
P25490,,
P25685,,
P25705,,
P25774;P25774-2,,
P25789,,
P25815,,
P26006;P26006-1,,
P26038,,
P26368;P26368-2,,
P26373,,
P26572,,
P26583,,
P26639,,
P26885,,
P27105,,
P27144,,
P27169,,
P27348,,
P27449,,
P27487,,
P27695,,
P27816;P27816-6,,
P27824;P27824-2,,
P28062;P28062-2;X5D2R7,,
P28074,,
P28288,,
P28289;P28289-2,,
P28331;P28331-2,,
P28799;P28799-3,,
P28838;P28838-2,,
P28845,,
P29317,,
P29372;P29372-2;P29372-4;P29372-5,,
P29401;P29401-2,,
P29590,,
P29692,,
P29966,,
P29992,,
P30038,,
P30039,,
P30040,,
P30041,,
P30043,,
P30044;P30044-2,,
P30046,,
P30048;P30048-2,,
P30049,,
P30050,,
P30084,,
P30085,,
P30086,,
P30101,,
P30405,,
P30419,,
P30481,,
P30530;P30530-2,,
P30613;P30613-2,,
P30711,,
P31040,,
P31153,,
P31213,,
P31327;P31327-3,,
P31512,,
P31513,,
P31689,,
P31749,,
P31751;P31751-2,,
P31930,,
P31937,,
P31939,,
P31947;P31947-2,,
P31948;P31948-2,,
P31949,,
P32119,,
P32189;P32189-1;P32189-2;P32189-4,,
P32321;P32321-2,,
P32322;P32322-3,,
P32929,,
P32969,,
P33121,,
P33261,,
P33527,,
P33908,,
P34896;P34896-2,,
P34897;P34897-3,,
P34913,,
P35052,,
P35218,,
P35232,,
P35251;P35251-2,,
P35268,,
P35270,,
P35558,,
P35573,,
P35575,,
P35579,,
P35580;P35580-3,,
P35606;P35606-2,,
P35610,,
P35659,,
P35813;P35813-3,,
P35858;P35858-2,,
P35914,,
P36021,,
P36537,,
P36542;P36542-2,,
P36543,,
P36551,,
P36578,,
P36871,,
P36915,,
P36957,,
P37059,,
P37268,,
P37802;P37802-2,,
P37837,,
P38117,,
P38159,,
P38432,,
P38435,,
P38606,,
P38646,,
P39019,,
P40121;P40121-2,,
P40123,,
P40189,,
P40261,,
P40306,,
P40616;P40616-2,,
P40763;P40763-3,,
P40818;P40818-2,,
P40925;P40925-3,,
P40939,,
P41226,,
P42167,,
P42345,,
P42357,,
P42566,,
P42677,,
P42696,,
P42765,,
P42785,,
P42892;P42892-2;P42892-3;P42892-4,,
P43007,,
P43121,,
P43155;P43155-2,,
P43235,,
P43307,,
P43487;P43487-2,,
P43686,,
P43897,,
P45954,,
P45974-2,,
P45985;P45985-2,,
P46019,,
P46109,,
P46777,,
P46821,,
P46952,,
P46977,,
P47895,,
P47985,,
P47989,,
P48047,,
P48060,,
P48147,,
P48444,,
P48449,,
P48506,,
P48507,,
P48556;R4GMR5,,
P48637,,
P48735,,
P48739;P48739-2;P48739-3,,
P49006,,
P49069,,
P49189,,
P49257,,
P49326,,
P49327,,
P49354,,
P49411,,
P49419-2,,
P49448,,
P49589-3,,
P49591;Q5T5C7,,
P49638,,
P49716,,
P49720,,
P49721,,
P49748;P49748-3,,
P49750-4,,
P49755,,
P49773,,
P49840,,
P49888,,
P49914,,
P49915,,
P49916;P49916-3,,
P49959;P49959-3,,
P50053,,
P50135,,
P50225,,
P50226,,
P50281,,
P50395,,
P50402,,
P50416,,
P50440-2,,
P50502,,
P50583,,
P50750;P50750-2,,
P50990,,
P51116,,
P51153,,
P51159;P51159-2,,
P51452,,
P51570;P51570-2,,
P51571,,
P51580,,
P51589,,
P51636,,
P51648;P51648-2,,
P51649;P51649-2,,
P51659,,
P51665,,
P51687,,
P51689,,
P51692,,
P51798;P51798-2,,
P51857,,
P51858,,
P51911,,
P51970,,
P52209;P52209-2,,
P52565,,
P52630;P52630-4,,
P52758,,
P52888,,
P52895,,
P53350,,
P53367,,
P53370,,
P53396,,
P53602,,
P53618,,
P53621,,
P53992,,
P54098,,
P54198;P54198-2,,
P54619;P54619-2,,
P54727,,
P54840,,
P54855,,
P54868,,
P54920,,
P55010,,
P55042,,
P55060;P55060-3,,
P55072,,
P55084,,
P55157,,
P55263;P55263-3,,
P55957;P55957-2,,
P56134;P56134-3,,
P56159-2,,
P56181,,
P56181-2,,
P56182,,
P56199,,
P56378,,
P56385,,
P56470,,
P56589,,
P56937;P56937-3,,
P56962,,
P57772,,
P58335-4,,
P58557;P58557-2,,
P60033,,
P60059,,
P60174;P60174-1,,
P60468,,
P60602,,
P60709;P63261,,
P60866;P60866-2,,
P60891,,
P60903,,
P60981,,
P61009,,
P61019,,
P61020,,
P61088,,
P61158,,
P61163,,
P61201,,
P61221,,
P61254,,
P61353,,
P61457,,
P61586,,
P61812;P61812-2,,
P61956;P61956-2,,
P61970,,
P61981,,
P62070;P62070-4,,
P62081,,
P62195;P62195-2,,
P62249,,
P62258,,
P62263,,
P62266,,
P62269,,
P62273;P62273-2,,
P62277,,
P62280,,
P62304,,
P62310,,
P62314,,
P62316,,
P62318;P62318-2,,
P62328,,
P62330,,
P62633;P62633-2;P62633-3;P62633-7,,
P62714,,
P62736,,
P62760,,
P62805,,
P62834,,
P62851,,
P62854,,
P62857,,
P62873,,
P62879,,
P62906,,
P62937,,
P62937-2,,
P62995;P62995-3,,
P63092;P63092-2;P63092-3;P63092-4;Q5JWF2;Q5JWF2-2,,
P63096,,
P63104,,
P63167,,
P63173,,
P63220;Q8WVC2,,
P63241;P63241-2,,
P63244,,
P63313,,
P67809,,
P67812,,
P67936,,
P67936-2,,
P68104,,
P68363,,
P68371,,
P68402,,
P78324;P78324-2;P78324-4,,
P78329,,
P78332,,
P78356,,
P78371,,
P78382;P78382-2,,
P78417,,
P81605;P81605-2,,
P82664,,
P82673,,
P82970,,
P82980,,
P83111,,
P84077,,
P84095,,
P84157,,
P84157-2,,
P98160,,
Q00059,,
Q00169,,
Q00266,,
Q00535,,
Q00587;Q00587-2,,
Q00796,,
Q01518,,
Q01581,,
Q01650,,
Q01813,,
Q01831,,
Q01970,,
Q02083;Q02083-2,,
Q02127,,
Q02252;Q02252-2,,
Q02318,,
Q02338,,
Q02790,,
Q02818,,
Q02880;Q02880-2,,
Q02928,,
Q02978,,
Q03001-13,,
Q03013;Q03013-2,,
Q03135,,
Q03701,,
Q04446,,
Q04637;Q04637-3;Q04637-9,,
Q04695,,
Q04721,,
Q04760;Q04760-2,,
Q04941,,
Q05519;Q05519-2;Q5T760,,
Q05823;Q05823-2,,
Q06136,,
Q06190,,
Q06203,,
Q06210;Q06210-2,,
Q06278,,
Q06323,,
Q06481;Q06481-3;Q06481-6,,
Q06520,,
Q06830,,
Q07075,,
Q07812;Q07812-2;Q07812-8,,
Q07820,,
Q07866-6,,
Q07954,,
Q07960,,
Q08209;Q08209-2,,
Q08257,,
Q08380,,
Q08426,,
Q08426-2,,
Q08431,,
Q08477-2,,
Q08495;Q08495-2;Q08495-3;Q08495-4,,
Q08830,,
Q08AH3,,
Q09666,,
Q0VF96,,
Q0ZGT2;Q0ZGT2-4,,
Q10471,,
Q10589;Q10589-2,,
Q11201,,
Q12788,,
Q12797;Q12797-10,,
Q12802;Q12802-2;Q12802-4,,
Q12841,,
Q12846,,
Q12872;Q12872-2,,
Q12907,,
Q12931,,
Q12981,,
Q13011,,
Q13045,,
Q13085;Q13085-2;Q13085-3;Q13085-4,,
Q13131;Q13131-2,,
Q13155,,
Q13162,,
Q13185,,
Q13191,,
Q13217,,
Q13228;Q13228-4,,
Q13243,,
Q13263,,
Q13268,,
Q13315,,
Q13325,,
Q13363;Q13363-2,,
Q13402;Q13402-2;Q13402-7;Q13402-8,,
Q13409;Q13409-2;Q13409-3;Q13409-7,,
Q13423,,
Q13435,,
Q13444;Q13444-10;Q13444-12;Q13444-2;Q13444-3;Q13444-4;Q13444-5;Q13444-6;Q13444-7;Q13444-8;Q13444-9,,
Q13451,,
Q13454-2,,
Q13492;Q13492-2;Q13492-3;Q13492-5,,
Q13496;Q13496-2,,
Q13501,,
Q13509,,
Q13526,,
Q13530;Q13530-2,,
Q13546,,
Q13576,,
Q13608,,
Q13637,,
Q13724,,
Q13795;Q13795-2;Q13795-3,,
Q13823,,
Q13825,,
Q13838;Q13838-2,,
Q13884,,
Q13885,,
Q13907,,
Q14012,,
Q14032,,
Q14117,,
Q14139;Q14139-2,,
Q14142,,
Q14165,,
Q14195-2,,
Q14240;Q14240-2,,
Q14247,,
Q14315,,
Q14344,,
Q14353,,
Q14376,,
Q14444;Q14444-2,,
Q14498;Q14498-2,,
Q14554,,
Q14558;Q14558-2,,
Q14571,,
Q14573,,
Q14643;Q14643-2;Q14643-3;Q14643-4;Q14643-5;Q14643-6;Q14643-7;Q14643-8,,
Q14693;Q14693-2;Q14693-3;Q14693-4;Q14693-5;Q14693-7,,
Q14696,,
Q14697-2,,
Q14699,,
Q14728,,
Q14739,,
Q14746;Q14746-2,,
Q14749,,
Q14764,,
Q147X3,,
Q14847;Q14847-2,,
Q14894,,
Q14914;Q14914-2,,
Q14980,,
Q14CZ8,,
Q15019;Q15019-2,,
Q15020,,
Q15029;Q15029-2,,
Q15031,,
Q15035,,
Q15043;Q15043-2;Q15043-3,,
Q15067,,
Q15067-3,,
Q15075,,
Q15118,,
Q15121;Q15121-2,,
Q15125,,
Q15126,,
Q15149-4,,
Q15149-8,,
Q15166,,
Q15172,,
Q15181,,
Q15257,,
Q15274,,
Q15276,,
Q15286,,
Q15291;Q15291-2,,
Q15311,,
Q15382,,
Q15392,,
Q15393,,
Q15397,,
Q15417,,
Q15435,,
Q15477,,
Q15493,,
Q15542;Q15542-2,,
Q15555;Q15555-3;Q15555-4;Q15555-5,,
Q15599;Q15599-2,,
Q15643,,
Q15691,,
Q15738,,
Q15800,,
Q15811;Q15811-8,,
Q15833;Q15833-2;Q15833-3,,
Q15847,,
Q15942,,
Q16134,,
Q16181,,
Q16222;Q16222-3,,
Q16401,,
Q16513,,
Q16531,,
Q16539,,
Q16643,,
Q16651,,
Q16658,,
Q16698;Q16698-2,,
Q16718,,
Q16719,,
Q16762,,
Q16775,,
Q16777;Q6FI13,,
Q16795,,
Q16822,,
Q16851,,
Q16854,,
Q1KMD3,,
Q27J81,,
Q2TAA5,,
Q2TAM5,,
Q2TAY7,,
Q2TB90,,
Q32MZ4-3,,
Q32P51,,
Q3LXA3,,
Q3MIX3,,
Q3SY69,,
Q3YBM2;Q3YBM2-2,,
Q3ZAQ7,,
Q3ZCQ8;Q3ZCQ8-2,,
Q495G5;Q8IVH4,,
Q49A26,,
Q4G0J3;Q4G0J3-3,,
Q4G0N4,,
Q4G148;Q4G148-2,,
Q4G176,,
Q4KMQ2;Q4KMQ2-2;Q4KMQ2-3,,
Q4KWH8;Q4KWH8-2;Q4KWH8-3;Q4KWH8-4,,
Q4L180;Q4L180-2;Q4L180-3;Q4L180-5;Q4L180-7,,
Q4VXZ8;Q9NUI1,,
Q4ZIN3;Q4ZIN3-2;U3KPY4,,
Q53EL6;Q53EL6-2,,
Q53FA7,,
Q53FT3,,
Q53FZ2,,
Q53GQ0,,
Q53S58,,
Q53T59,,
Q562R1,,
Q587I9,,
Q5BJD5,,
Q5BJF2,,
Q5BKT4;Q5I7T1,,
Q5BKZ1,,
Q5EBL8;Q5EBL8-2,,
Q5HYK3,,
Q5JRX3;Q5JRX3-2,,
Q5JSH3,,
Q5JTH9;Q5JTH9-2;Q5JTH9-3,,
Q5JU69,,
Q5JW84,,
Q5JWT2;Q9ULK4;Q9ULK4-3;Q9ULK4-4;Q9ULK4-5,,
Q5JYR7,,
Q5K4L6;X6R3N0,,
Q5LJA5;Q5LJA9;Q9Y5K5;Q9Y5K5-2;Q9Y5K5-3;Q9Y5K5-4,,
Q5M775;Q5M775-2;Q5M775-3;Q5M775-4;Q5M775-5,,
Q5R3I4,,
Q5RKV6,,
Q5SRE7;Q5SRE7-2,,
Q5SSJ5,,
Q5SVS4,,
Q5SYU9,,
Q5T123;Q9H299,,
Q5T2H3;Q9NVV5;Q9NVV5-2;Q9NVV5-3,,
Q5T2N8,,
Q5T2W1,,
Q5T440,,
Q5T4K2;Q5T4K3;Q5T4K4;Q9NY26;Q9NY26-2,,
Q5T5P2;Q5T5P2-3,,
Q5T7U1;Q9Y5Q8;Q9Y5Q8-2;Q9Y5Q8-3,,
Q5T8D3,,
Q5T9A4,,
Q5T9L3;Q5T9L3-2,,
Q5TCH4,,
Q5TDH0;Q5TDH0-2;Q5TDH0-3,,
Q5TEC6,,
Q5U3C3;Q9H617,,
Q5U5X0,,
Q5VT66;Q5VT66-2,,
Q5VWZ2,,
Q5VXI4;Q9HCE6;Q9HCE6-2;Q9HCE6-3,,
Q5VYL4;Q8IZT6;Q8IZT6-2,,
Q5VZE5,,
Q5VZJ2;Q76EJ3;Q76EJ3-2,,
Q5W0V3;Q5W0V3-2,,
Q5W111,,
Q63HM1;Q63HM1-2,,
Q658P3-2,,
Q659C4,,
Q68CJ9;Q68CJ9-2;Q68CJ9-4,,
Q68CK6,,
Q68CR1;Q68CR1-2;Q68CR1-3,,
Q68D91,,
Q69YN2;Q69YN2-3,,
Q6DD88,,
Q6DKK2,,
Q6GQQ9;Q6GQQ9-2,,
Q6IA69,,
Q6IB77,,
Q6JQN1;Q6JQN1-5,,
Q6KB66;Q6KB66-2;Q6KB66-3,,
Q6KC79;Q6KC79-2,,
Q6KCM7;Q6KCM7-2;Q6KCM7-3;Q6KCM7-4;Q6KCM7-5;Q6KCM7-6,,
Q6NSJ5,,
Q6NTF9;Q6NTF9-2;Q9UDT1,,
Q6NUK4,,
Q6NUN0,,
Q6NUQ4,,
Q6NUS8,,
Q6NVY1,,
Q6NZI2,,
Q6P1A2,,
Q6P1X6,,
Q6P2E9,,
Q6P2Q9,,
Q6P4A7,,
Q6P4E1;Q6P4E1-4;Q6P4E1-5,,
Q6P4F2,,
Q6P587,,
Q6PI48,,
Q6PKG0,,
Q6R327;Q6R327-3,,
Q6RW13,,
Q6RW13-2,,
Q6UB28,,
Q6UVY6;Q6UVY6-2,,
Q6UW63,,
Q6UWM9,,
Q6UWP7;Q6UWP7-3,,
Q6UX07,,
Q6WCQ1;Q6WCQ1-2;Q6WCQ1-3,,
Q6WKZ4,,
Q6XQN6,,
Q6Y1H2,,
Q6Y288,,
Q6YN16,,
Q6YP21;Q6YP21-3,,
Q6ZNA5;Q6ZNA5-2,,
Q6ZNB7,,
Q6ZQY7,,
Q6ZRP7,,
Q6ZT62;Q6ZT62-2,,
Q6ZUJ8,,
Q6ZV29;Q6ZV29-3;Q6ZV29-4;Q6ZV29-5,,
Q6ZVM7,,
Q6ZWL3;Q6ZWL3-2,,
Q709F0,,
Q70UQ0-4,,
Q71MG5;Q96MK3,,
Q71RC2;Q71RC2-3;Q71RC2-4,,
Q76LX8;Q76LX8-2,,
Q7L1V2,,
Q7L591-2;Q7L591-3;Q7L591-4,,
Q7L775,,
Q7L9L4;Q7L9L4-2;Q9H8S9,,
Q7LBR1,,
Q7LGC8,,
Q7Z3B0,,
Q7Z3Q1;Q7Z3Q1-2,,
Q7Z3U7;Q7Z3U7-2;Q7Z3U7-5;Q7Z3U7-6,,
Q7Z406-6,,
Q7Z417,,
Q7Z422;Q7Z422-2;Q7Z422-3;Q7Z422-4;Q7Z422-5,,
Q7Z434,,
Q7Z4G1;Q7Z4G1-2,,
Q7Z4H8,,
Q7Z4R8,,
Q7Z4V5,,
Q7Z4W1,,
Q7Z5P4,,
Q7Z6K3,,
Q7Z6Z7;Q7Z6Z7-2;Q7Z6Z7-3,,
Q7Z7H8;Q7Z7H8-2,,
Q86SQ0,,
Q86SX6,,
Q86TB9;Q86TB9-2;Q86TB9-4,,
Q86TX2,,
Q86U28,,
Q86U38,,
Q86UB9;Q86UB9-2,,
Q86UT6,,
Q86V48;Q86V48-2;Q86V48-3,,
Q86VD7,,
Q86VP6,,
Q86VX2;Q86VX2-2,,
Q86WA6;Q86WA6-2,,
Q86WA8,,
Q86WU2;Q86WU2-2,,
Q86X76;Q86X76-2;Q86X76-4,,
Q86X83,,
Q86XE5,,
Q86XP3,,
Q86Y07,,
Q86Y39,,
Q86YB7,,
Q86YB8,,
Q86YH6,,
Q86YN1,,
Q8IUD2;X6RLX0,,
Q8IUE6,,
Q8IUR7;Q8IUR7-2,,
Q8IUZ5,,
Q8IVM8,,
Q8IVS2,,
Q8IVS8,,
Q8IVT2,,
Q8IW45;Q8IW45-2,,
Q8IWB7,,
Q8IWE2,,
Q8IWE4,,
Q8IWJ2,,
Q8IWT6,,
Q8IWW8;Q8IWW8-2,,
Q8IXI1,,
Q8IXI2;Q8IXI2-2;Q8IXI2-3;Q8IXI2-4;Q8IXI2-5;Q8IXI2-6;Q8IXI2-7,,
Q8IXQ6-2;Q8IXQ6-3,,
Q8IY17;Q8IY17-3;Q8IY17-4,,
Q8IY95;Q8IY95-2,,
Q8IYQ7,,
Q8IYU8,,
Q8IZV5,,
Q8N0U4,,
Q8N0U8,,
Q8N0X4,,
Q8N139,,
Q8N1G4,,
Q8N201,,
Q8N2K0;Q8N2K0-2,,
Q8N2U9;Q8N2U9-2,,
Q8N2W9,,
Q8N335,,
Q8N357,,
Q8N3D4,,
Q8N3F8,,
Q8N3R3;Q8N3R3-4,,
Q8N3V7-2,,
Q8N465,,
Q8N490,,
Q8N4Q0,,
Q8N4T8,,
Q8N4V1;Q8N4V1-2,,
Q8N5G0;Q8N5G0-2,,
Q8N5G2;Q8N5G2-2;Q8N5G2-3,,
Q8N5I4,,
Q8N5K1,,
Q8N5M1,,
Q8N5M9,,
Q8N5Z0,,
Q8N684;Q8N684-2;Q8N684-3,,
Q8N6L1;Q8N6L1-2,,
Q8N6M3,,
Q8N7H5;Q8N7H5-3,,
Q8N8J7,,
Q8N8N7,,
Q8N8S7,,
Q8N9L9,,
Q8NB16,,
Q8NBP0,,
Q8NBP5,,
Q8NBQ5,,
Q8NBQ7,,
Q8NBS9,,
Q8NBX0,,
Q8NC06-2,,
Q8NC51,,
Q8NC51-3,,
Q8NCC3,,
Q8NCR9,,
Q8NCW5,,
Q8NDZ4,,
Q8NE62,,
Q8NEM2,,
Q8NEN9,,
Q8NEX9,,
Q8NFC6,,
Q8NFH8;Q8NFH8-4,,
Q8NFJ5,,
Q8NFU3;Q8NFU3-3,,
Q8NFW8,,
Q8NHH9;Q8NHH9-3;Q8NHH9-5,,
Q8NHP8,,
Q8NI22,,
Q8NI60,,
Q8TAD8,,
Q8TB37,,
Q8TBQ9,,
Q8TC07;Q8TC07-2,,
Q8TC12,,
Q8TCC3;Q8TCC3-2,,
Q8TCD1,,
Q8TCJ2,,
Q8TCS8,,
Q8TD19,,
Q8TD22,,
Q8TD30,,
Q8TD43;Q8TD43-2;Q8TD43-3,,
Q8TDN6,,
Q8TDW0,,
Q8TEB1;Q8TEB1-2,,
Q8TEM1,,
Q8TEX9;Q8TEX9-2,,
Q8TF01,,
Q8TF65,,
Q8WUA8,,
Q8WUF5,,
Q8WUJ3,,
Q8WUM4,,
Q8WUP2,,
Q8WV74,,
Q8WVM0,,
Q8WVM7;Q8WVM7-2,,
Q8WVT3,,
Q8WW52;Q8WW52-2,,
Q8WW59,,
Q8WWC4,,
Q8WWH5,,
Q8WWM7,,
Q8WX93;Q8WX93-3,,
Q8WXF1,,
Q8WYK0;Q8WYK0-2,,
Q8WYP5;Q8WYP5-2;Q8WYP5-3,,
Q92484;Q92484-2,,
Q92506,,
Q92522,,
Q92536,,
Q92539,,
Q92597,,
Q92604,,
Q92616,,
Q92665,,
Q92667,,
Q92734;Q92734-2;Q92734-3;Q92734-4,,
Q92743,,
Q92769,,
Q92781,,
Q92786,,
Q92820,,
Q92887,,
Q92896;Q92896-2,,
Q92905,,
Q92922,,
Q92930,,
Q92934,,
Q92947,,
Q92968,,
Q93008;Q93008-1,,
Q93009,,
Q93052,,
Q93088,,
Q93096,,
Q93099,,
Q93100;Q93100-2;Q93100-3;Q93100-4,,
Q969G5,,
Q969I3,,
Q969I6,,
Q969L2,,
Q969V5,,
Q969Y2;Q969Y2-2;Q969Y2-3;Q969Y2-4,,
Q969Z3,,
Q96A22,,
Q96A33,,
Q96A65,,
Q96AB3,,
Q96AC1;Q96AC1-3,,
Q96AE7-2,,
Q96AG3,,
Q96AN5,,
Q96C19,,
Q96C23,,
Q96C86,,
Q96CD0,,
Q96CM3;Q96CM3-2,,
Q96CM8;Q96CM8-2;Q96CM8-3,,
Q96CN7,,
Q96CS3,,
Q96D15,,
Q96DE0,,
Q96DG6,,
Q96DX5;Q96DX5-2;Q96DX5-3;R4GN94,,
Q96DZ1;Q96DZ1-3,,
Q96E39,,
Q96E52,,
Q96EK6,,
Q96EY1,,
Q96EY8,,
Q96FQ6,,
Q96FZ7,,
Q96G03,,
Q96G23,,
Q96GA7,,
Q96GC9;Q96GC9-2,,
Q96GE9;Q96GE9-2,,
Q96GK7,,
Q96HA9,,
Q96HQ2;Q96HQ2-2,,
Q96HR9;Q96HR9-2,,
Q96HS1,,
Q96HV5,,
Q96HW7,,
Q96HY7,,
Q96I51;Q96I51-3,,
Q96I59,,
Q96I99,,
Q96IU4,,
Q96IX5,,
Q96IZ0,,
Q96JB5;Q96JB5-4,,
Q96JY6;Q96JY6-5,,
Q96KG9-2,,
Q96KP1,,
Q96KP4,,
Q96LJ7,,
Q96LZ7,,
Q96MV1,,
Q96N76;Q96N76-2,,
Q96NB2,,
Q96NC0,,
Q96NU7,,
Q96P48;Q96P48-3,,
Q96PE7,,
Q96PY5;Q96PY5-3,,
Q96QD8,,
Q96QE5,,
Q96QK1,,
Q96QR8,,
Q96RD7,,
Q96RP9,,
Q96RQ3,,
Q96RT1;Q96RT1-2;Q96RT1-3;Q96RT1-4;Q96RT1-5;Q96RT1-6;Q96RT1-7;Q96RT1-8;Q96RT1-9,,
Q96S06,,
Q96S52,,
Q96S55;Q96S55-2,,
Q96ST3,,
Q96SU4;Q96SU4-2;Q96SU4-7,,
Q96T58,,
Q96T66;Q96T66-2;Q96T66-3,,
Q96T76;Q96T76-8,,
Q96TA2;Q96TA2-2;Q96TA2-3,,
Q96TC7,,
Q99424,,
Q99447;Q99447-3,,
Q99459,,
Q99487,,
Q99489;Q99489-2;Q99489-3;Q99489-4,,
Q99497,,
Q99519,,
Q99541,,
Q99570,,
Q99611,,
Q99615,,
Q99624,,
Q99643;Q99643-3;Q99643-5,,
Q99720,,
Q99735,,
Q99757,,
Q99766,,
Q99797,,
Q99805,,
Q99829,,
Q99988,,
Q9BPW8,,
Q9BPX5,,
Q9BQ61,,
Q9BQ69,,
Q9BQ95,,
Q9BR76,,
Q9BRF8,,
Q9BRG1,,
Q9BRP8;Q9BRP8-2,,
Q9BRQ8,,
Q9BRX8-2,,
Q9BS26,,
Q9BSA9,,
Q9BSC4;Q9BSC4-2;Q9BSC4-4,,
Q9BSH4,,
Q9BSH5,,
Q9BT09,,
Q9BT22,,
Q9BT30,,
Q9BTC0,,
Q9BTM9;Q9BTM9-2;Q9BTM9-3,,
Q9BTT0,,
Q9BTT6,,
Q9BTV4,,
Q9BTX1;Q9BTX1-2;Q9BTX1-5;Q9BTX1-6,,
Q9BTY2,,
Q9BTY7,,
Q9BTZ2;Q9BTZ2-4;Q9BTZ2-8,,
Q9BU61,,
Q9BU76;Q9BU76-4,,
Q9BUB7,,
Q9BUE6;Q9BUE6-2,,
Q9BUF5,,
Q9BUH6,,
Q9BUP0,,
Q9BUT1,,
Q9BV23,,
Q9BV40,,
Q9BV57,,
Q9BV86,,
Q9BV94;Q9BV94-2,,
Q9BVA6,,
Q9BVG4,,
Q9BVI4,,
Q9BVJ6,,
Q9BVK2;Q9BVK2-2,,
Q9BVM4,,
Q9BVV7,,
Q9BW72,,
Q9BWD1;Q9BWD1-2,,
Q9BX66-11;Q9BX66-3;Q9BX66-8,,
Q9BX68,,
Q9BX95,,
Q9BXB4,,
Q9BXI6;Q9BXI6-2,,
Q9BXW7;Q9BXW7-2,,
Q9BXY0,,
Q9BY49,,
Q9BY76,,
Q9BYC8,,
Q9BYD2,,
Q9BYN8,,
Q9BYV1,,
Q9BYV7;Q9BYV7-2;Q9BYV7-4,,
Q9BZH6,,
Q9BZK7,,
Q9BZQ6;Q9BZQ6-2,,
Q9BZV2,,
Q9BZZ5-2,,
Q9C002,,
Q9C0C2,,
Q9C0D3,,
Q9GZP4;Q9GZP4-2,,
Q9GZP9,,
Q9GZR2,,
Q9GZT8;Q9GZT8-2,,
Q9GZZ9,,
Q9H008,,
Q9H061,,
Q9H061-2,,
Q9H082,,
Q9H0C8,,
Q9H0D6,,
Q9H0E2,,
Q9H0T7,,
Q9H0U4,,
Q9H0V9;Q9H0V9-2,,
Q9H1C7,,
Q9H1K4,,
Q9H1N7,,
Q9H1X3,,
Q9H221;Q9H221-2,,
Q9H267,,
Q9H2A2,,
Q9H2B4,,
Q9H2C0,,
Q9H2F3,,
Q9H2M3,,
Q9H2U2;Q9H2U2-2,,
Q9H2W6,,
Q9H330;Q9H330-2,,
Q9H3G5,,
Q9H3Q1,,
Q9H3U5;Q9H3U5-3;Q9H3U5-5;Q9H3U5-6,,
Q9H3Z4,,
Q9H425;Q9H425-3,,
Q9H477;Q9H477-2,,
Q9H479,,
Q9H488,,
Q9H4A4,,
Q9H4A5,,
Q9H4B0,,
Q9H4G4,,
Q9H553,,
Q9H5X1,,
Q9H6E4,,
Q9H6L5;Q9H6L5-2,,
Q9H6T0;Q9H6T0-2,,
Q9H6U6;Q9H6U6-2;Q9H6U6-3;Q9H6U6-7;Q9H6U6-8,,
Q9H788;Q9H788-2,,
Q9H7D0,,
Q9H7D7;Q9H7D7-2,,
Q9H7F4,,
Q9H7M9,,
Q9H7X2,,
Q9H845,,
Q9H8H3,,
Q9H8Y8,,
Q9H936,,
Q9H974;Q9H974-2;Q9H974-3;Q9H974-4,,
Q9H9A5;Q9H9A5-2;Q9H9A5-6,,
Q9H9A6,,
Q9H9B4,,
Q9H9S5,,
Q9H9Y6;Q9H9Y6-3,,
Q9HA47;Q9HA47-3;Q9HA47-4,,
Q9HA65;Q9HA65-3,,
Q9HA77,,
Q9HAB8,,
Q9HAN9,,
Q9HB07,,
Q9HB63;Q9HB63-2;Q9HB63-3,,
Q9HB71;Q9HB71-3,,
Q9HBH1,,
Q9HBI6,,
Q9HBJ8,,
Q9HBR0,,
Q9HC35,,
Q9HCC0,,
Q9HCD5,,
Q9HCL2,,
Q9HCN8,,
Q9HCU5,,
Q9HCY8,,
Q9HD20;Q9HD20-2,,
Q9HDC9,,
Q9NP61;Q9NP61-2,,
Q9NP71;Q9NP71-2;Q9NP71-3;Q9NP71-4,,
Q9NP74,,
Q9NPD3,,
Q9NPD5,,
Q9NPH0;X5D289,,
Q9NPJ3,,
Q9NQ34,,
Q9NQ94,,
Q9NQC3-3,,
Q9NQC3-5,,
Q9NQG1,,
Q9NQG5,,
Q9NQH7;Q9NQH7-2;Q9NQH7-4,,
Q9NQR4,,
Q9NQT8,,
Q9NR19;Q9NR19-2,,
Q9NR28;Q9NR28-2,,
Q9NR45,,
Q9NR77,,
Q9NRA8;Q9NRA8-3,,
Q9NRF8,,
Q9NRG7;Q9NRG7-2,,
Q9NRK6,,
Q9NRM0,,
Q9NRR6;Q9NRR6-2,,
Q9NRX2,,
Q9NRX6,,
Q9NRY4,,
Q9NRZ7,,
Q9NS86,,
Q9NS93,,
Q9NSD9,,
Q9NSE4,,
Q9NSY2,,
Q9NT62,,
Q9NTJ5,,
Q9NTN3;Q9NTN3-2,,
Q9NTX5;Q9NTX5-2;Q9NTX5-6,,
Q9NTZ6,,
Q9NUD9,,
Q9NUJ1,,
Q9NUL7,,
Q9NUN5;Q9NUN5-2;Q9NUN5-3;Q9NUN5-4,,
Q9NUP9,,
Q9NUQ2,,
Q9NUQ3,,
Q9NUQ7,,
Q9NUQ8;Q9NUQ8-2,,
Q9NUQ9,,
Q9NUY8,,
Q9NV88;Q9NV88-2;Q9NV88-3,,
Q9NV96,,
Q9NVH6;Q9NVH6-7;Q9NVH6-8,,
Q9NVP1,,
Q9NVS9,,
Q9NVX2,,
Q9NW08;Q9NW08-2,,
Q9NW68;Q9NW68-2,,
Q9NW81;Q9NW81-4;Q9NW81-5,,
Q9NWH9,,
Q9NWU1,,
Q9NWU2,,
Q9NWV4,,
Q9NX14;Q9NX14-2,,
Q9NX20,,
Q9NX40,,
Q9NX58,,
Q9NX62,,
Q9NXA8;Q9NXA8-2,,
Q9NXC5,,
Q9NXS2,,
Q9NXV6,,
Q9NY12;Q9NY12-2,,
Q9NY27,,
Q9NY61,,
Q9NYF8;Q9NYF8-2,,
Q9NYL4,,
Q9NYL5,,
Q9NYL9,,
Q9NYQ3,,
Q9NYU2;Q9NYU2-2,,
Q9NYV4;Q9NYV4-2,,
Q9NZ01,,
Q9NZ08;Q9NZ08-2,,
Q9NZ45,,
Q9NZB2;Q9NZB2-6,,
Q9NZB8;Q9NZB8-2;Q9NZB8-7;Q9NZB8-8,,
Q9NZC3,,
Q9NZH0;Q9NZH0-2,,
Q9NZI7;Q9NZI7-4,,
Q9NZJ4,,
Q9NZJ6,,
Q9NZJ7;Q9NZJ7-2,,
Q9NZL9,,
Q9NZM1;Q9NZM1-6,,
Q9NZN3,,
Q9NZP5,,
Q9NZR2,,
Q9NZU5,,
Q9P013,,
Q9P032,,
Q9P035,,
Q9P0J0;Q9P0J0-2,,
Q9P0L0,,
Q9P0V3,,
Q9P0Z9,,
Q9P1Z2;Q9P1Z2-2;Q9P1Z2-3,,
Q9P253,,
Q9P265,,
Q9P2M7,,
Q9P2R3;Q9P2R3-4,,
Q9P2X3,,
Q9UBB4,,
Q9UBB9,,
Q9UBC2;Q9UBC2-2,,
Q9UBI1,,
Q9UBK8;Q9UBK8-2,,
Q9UBM7,,
Q9UBN7,,
Q9UBQ5;Q9UBQ5-2,,
Q9UBQ7,,
Q9UBR1,,
Q9UBS4,,
Q9UBS8,,
Q9UBT7;Q9UBT7-2,,
Q9UBU6,,
Q9UBX1,,
Q9UDR5,,
Q9UDW1,,
Q9UDY4,,
Q9UEU0,,
Q9UF12,,
Q9UFN0,,
Q9UGI8;Q9UGI8-2,,
Q9UGQ3;Q9UGQ3-2,,
Q9UGY1;V9GYY5,,
Q9UH92;Q9UH92-2;Q9UH92-3,,
Q9UHB6,,
Q9UHB6-4,,
Q9UHD2,,
Q9UHD8,,
Q9UHE5,,
Q9UHG3,,
Q9UHG3-2,,
Q9UHI6,,
Q9UHL4,,
Q9UI09,,
Q9UI17,,
Q9UI32,,
Q9UID3,,
Q9UIG0;Q9UIG0-2,,
Q9UII2,,
Q9UIJ7,,
Q9UJ68;Q9UJ68-5,,
Q9UJ83;Q9UJ83-2,,
Q9UJC3;Q9UJC3-2,,
Q9UJM8,,
Q9UJS0;Q9UJS0-2,,
Q9UJY1,,
Q9UK41,,
Q9UK76,,
Q9UKF6,,
Q9UKG9;Q9UKG9-3,,
Q9UKR5,,
Q9UKU7,,
Q9UL03;Q9UL03-3,,
Q9ULC4;Q9ULC4-3,,
Q9ULC5;Q9ULC5-3,,
Q9ULD0,,
Q9ULF5,,
Q9ULV4;Q9ULV4-2;Q9ULV4-3,,
Q9ULX3,,
Q9ULX7,,
Q9UM22,,
Q9UM54-6,,
Q9UMS4,,
Q9UMX3,,
Q9UMX5,,
Q9UN36;Q9UN36-2;Q9UN36-6,,
Q9UNM6,,
Q9UNN8,,
Q9UNQ2,,
Q9UNU6,,
Q9UNX4,,
Q9UPU5,,
Q9UQ90,,
Q9UQE7,,
Q9Y221,,
Q9Y223;Q9Y223-2,,
Q9Y237;Q9Y237-2,,
Q9Y266,,
Q9Y276,,
Q9Y277,,
Q9Y2B0,,
Q9Y2D5-6,,
Q9Y2G3,,
Q9Y2J2-2,,
Q9Y2P5,,
Q9Y2P8,,
Q9Y2Q3,,
Q9Y2Q9,,
Q9Y2R0,,
Q9Y2R4,,
Q9Y2S2-2,,
Q9Y2T2,,
Q9Y2T3;Q9Y2T3-3,,
Q9Y2V2,,
Q9Y2W1,,
Q9Y2W2,,
Q9Y2Z9;Q9Y2Z9-3,,
Q9Y315,,
Q9Y3A6,,
Q9Y3B4,,
Q9Y3C8,,
Q9Y3D2,,
Q9Y3D6,,
Q9Y3I0,,
Q9Y3Q3,,
Q9Y3Q8,,
Q9Y3U8,,
Q9Y3X0,,
Q9Y3Z3,,
Q9Y450,,
Q9Y4E8;Q9Y4E8-2;Q9Y4E8-3,,
Q9Y4L1,,
Q9Y4W6,,
Q9Y4Z0;V9GZ56,,
Q9Y547,,
Q9Y570;Q9Y570-4,,
Q9Y584,,
Q9Y5B6,,
Q9Y5K6,,
Q9Y5L4,,
Q9Y5P6;Q9Y5P6-2,,
Q9Y5R8,,
Q9Y5X1,,
Q9Y5Y5,,
Q9Y5Z4,,
Q9Y617,,
Q9Y619,,
Q9Y625,,
Q9Y646,,
Q9Y673,,
Q9Y676,,
Q9Y678,,
Q9Y694;Q9Y694-2,,
Q9Y6A9,,
Q9Y6B6,,
Q9Y6C9,,
Q9Y6D6,,
Q9Y6I8,,
Q9Y6K0,,
Q9Y6K8;Q9Y6K8-3,,
Q9Y6L6,,
Q9Y6Y8,,
S4R3N1,,
