Protein ID,control,NASH,Cirrhosis,GeneName
P14324,20.027815999999998,20.501517,18.885813000000002,FDPS
P29144,18.704506666666664,18.800947999999998,18.356271,TPP2
Q63HR2,16.310678,16.178938499999997,17.154334,TNS2
P06733,22.29692,22.3445705,22.609308999999996,ENO1
Q96K17,17.270935333333334,17.366453,17.701718,BTF3L4
Q9NUB1,13.03401533333333,13.118649999999997,14.891014000000002,ACSS1
Q8WX93,15.446127333333335,15.403214499999995,17.331044,PALLD
O75368,17.66906933333333,17.467907,18.691803,SH3BGRL
A0A0C4DH38,16.670717333333332,16.813366,18.296808,IGHV5-51
Q9BTV4,17.192116666666667,16.965716499999996,18.112153,TMEM43
P29401,20.910051333333335,20.977414000000003,21.578249999999997,TKT
P05177,20.790820666666665,20.237800500000002,18.222595000000002,CYP1A2
H0Y4R1,17.58214133333333,17.731087499999997,17.991138,IMPDH2
P51812,15.650453333333331,15.738917999999998,16.680404000000003,RPS6KA3
P09110,20.861644,21.048299,19.973639,ACAA1
P37108,18.18657133333333,18.038978500000002,18.558903,SRP14
O15042,15.842381333333332,15.373385500000001,15.953798999999998,U2SURP
P11413,16.623971333333333,16.5365945,17.910219,G6PD
O95428,12.986048666666667,13.208938499999999,15.246290000000002,PAPLN
P49961,15.230017999999998,14.552362499999997,16.936830999999998,ENTPD1
P02452,23.40876466666667,23.228413,24.773628000000002,COL1A1
Q13363,16.85544866666667,16.7189555,17.236134,CTBP1
F8VW96,15.928398666666663,16.088590000000003,18.588561000000002,CSRP2
Q9Y285,17.016552,17.021080500000004,17.352966,FARSA
P29317,12.707753333333333,12.71597,14.425359,EPHA2
P50402,17.503681333333336,17.337729000000003,18.010747000000002,EMD
O95671,17.315931333333335,17.423621,16.897583,ASMTL
P42126,20.51755466666667,20.593642,19.750665,ECI1
O15031,16.61120133333333,16.642007500000002,17.009707000000002,PLXNB2
D6RGV2,13.052497333333333,12.828210500000003,15.929331,IL7R
P05556,19.545852,19.481359,20.449738,ITGB1
A1L0T0,18.00326533333333,17.801293499999996,17.330419999999997,ILVBL
C9JAX1,17.302059333333332,17.280279999999998,16.886028,FXN
P05455,18.57741533333333,18.495029499999998,18.989347000000002,SSB
P10909,18.44391266666667,18.341498,19.299827,CLU
Q5JR04,18.061002666666663,17.981961000000002,17.697882,MOV10
P23142,17.50857466666667,17.2214545,19.054546000000002,FBLN1
Q9ULC5,19.82167,19.421573000000002,18.308995000000003,ACSL5
Q96SZ5,15.466848,15.5180745,16.391793,ADO
O00515,15.743462000000001,15.845644000000002,16.979016,LAD1
Q14571,16.685124666666667,16.638026999999997,15.615640000000003,ITPR2
P60903,21.31612133333333,21.4778965,23.467375,S100A10
Q6WCQ1,14.984150666666666,15.050538,16.91655,MPRIP
P09619,13.434144000000003,13.321455,16.337056999999998,PDGFRB
B4DTF2,12.785900666666668,13.060166,14.935089999999999,ANXA8L1
Q8WVC0,13.35746,12.592574499999998,13.998118999999999,LEO1
O00330,16.736814,16.422477000000004,16.506281,PDHX
C9JY26,13.032518666666666,12.6705475,14.813908000000001,RAB34
P00325,26.05320466666666,26.059721500000002,24.467246,ADH1B
P22234,19.599533333333337,19.714338,19.103272,PAICS
Q9NY12,16.482257999999998,16.3861415,16.991746999999997,GAR1
P78386,16.140847333333333,16.348245,19.486373,KRT85
P61587,12.648459333333335,12.567725500000002,14.273753,RND3
Q01082,18.254010666666666,18.472737999999996,18.744176000000003,SPTBN1
O75367,18.041654,18.007982999999996,19.037709999999997,H2AFY
Q16719,18.39618133333333,18.3842705,17.609311,KYNU
M0QXF9,13.362934666666666,12.927216000000001,15.573845,BCAT2
P23470,12.836478,12.6255745,14.661543,PTPRG
P12110,20.803149333333337,20.7003365,21.674441,COL6A2
P55042,12.747133333333332,12.442946000000001,14.98861,RRAD
A0A1B0GTK8,12.671441333333336,12.851954000000001,14.435915,TNFAIP8L3
A0A0C4DFL7,17.852674666666665,18.39966,16.771735,CYP51A1
P00326,23.802027333333335,23.927639,22.19642,ADH1C
B7Z8V7,15.415856,14.947624000000001,13.463488000000002,NADK2
P24468,12.824756,12.907398,14.195388,NR2F2
P13489,19.355430000000002,19.454241500000002,19.902594,RNH1
C9JEJ2,16.260941333333335,16.204981999999998,16.630948999999998,PCYT1A
A0A0U1RQV3,14.824928,14.993020000000001,19.699437,EFEMP1
E9PEP6,15.085616666666663,15.006224499999998,16.155827,NRP1
Q07812,17.066152666666667,17.169745,17.803575000000002,BAX
O43760,17.135602666666667,17.0142485,17.600975999999996,SYNGR2
C9JKG1,19.464653333333334,19.483418500000006,20.795512,BGN
Q9NXV6,14.019546666666667,13.997771,14.416841999999997,CDKN2AIP
Q9UBB4,15.420534,15.427366500000002,15.95096,ATXN10
Q9Y2X3,15.940267999999998,15.8497715,16.424048,NOP58
A0A0A0MS15,14.406090666666667,14.971011500000003,16.202389999999998,IGHV3-49
P56545,13.303562666666664,12.801091500000002,14.781139,CTBP2
Q96JE7,15.663411333333332,15.831741500000001,14.722251,SEC16B
Q03154,22.263691999999995,22.569077500000002,21.623309999999996,ACY1
P68431,23.562887333333336,23.4952525,24.266537999999997,HIST1H3A
P40855,17.240299333333333,17.3632545,16.994428,PEX19
P16949,16.700302666666666,16.641357,17.778596,STMN1
Q15493,18.653768666666668,18.774773500000002,17.760651000000003,RGN
P35558,19.773598,19.434839999999998,18.906736000000002,PCK1
Q12955,15.369769333333332,15.5014895,17.493865,ANK3
P14920,19.24748,19.622046500000003,18.590149,DAO
Q04941,16.07902,16.1620155,17.810608,PLP2
Q9UPM8,20.203813333333336,20.341507499999995,19.075856999999996,AP4E1
P51857,20.95884266666667,21.280701,20.069948,AKR1D1
Q96IU4,21.090842666666664,21.311895,20.554527,ABHD14B
Q15019,17.900510666666666,17.833051500000003,18.808637,2-Sep
P24462,14.005579333333333,14.842330500000003,18.300775999999995,CYP3A7
Q99536,19.168261333333337,19.015311999999998,19.995016,VAT1
Q6P1A2,17.213986666666674,16.877378,16.579424,LPCAT3
P01011,19.715446666666665,19.254334999999998,20.221391,SERPINA3
Q16831,12.899560000000001,12.778925,14.389463000000001,UPP1
Q08397,12.964839333333334,14.093502,17.211243999999997,LOXL1
Q13439,17.61751866666667,16.720592,19.176228,GOLGA4
P00390,18.64009666666667,18.710259500000003,19.216486,GSR
Q92905,16.81617466666667,16.860004,17.123981,COPS5
P54868,25.565106000000004,25.8071905,23.96858,HMGCS2
Q96G03,19.019540000000003,18.862677,19.255973,PGM2
Q9UBV8,16.51937333333333,16.613154499999997,16.979336,PEF1
F2Z2U4,16.96096,17.443107000000005,14.957346000000001,TRRAP
P31937,19.989359999999994,20.005005500000003,19.382315,HIBADH
O95954,23.001595333333334,23.35305900000001,21.252204999999996,FTCD
P55774,12.948015999999999,12.800543499999998,15.150153,CCL18
Q2TB90,14.278297333333331,15.573256499999996,17.854984,HKDC1
E9PKG1,16.337122666666666,16.2558115,16.793675999999998,PRMT1
P60953,19.59994,19.531857499999994,19.920945,CDC42
O75955,17.09445466666666,16.86388,17.731679000000003,FLOT1
A0A0U1RR32,23.972152666666666,23.559390499999996,24.635436,HIST1H3D
O75976,14.876406000000001,14.468129000000001,15.398817000000003,CPD
P61244,13.144948,12.388611,14.603840000000002,MAX
O75891,22.200446666666668,22.489897000000003,20.483357,ALDH1L1
P23497,16.902942,16.853796,17.5011,SP100
O75947,21.477104,21.512635000000003,21.264553,ATP5H
A0A0G2JNZ2,16.499717999999998,16.7091825,16.423333999999997,SCRIB
Q5JW84,18.959603333333334,19.279607000000006,16.303313999999997,GSTA3
Q16270,15.977898666666666,15.715824500000002,18.455042999999996,IGFBP7
D6RB81,17.64140133333333,17.667634,17.063563999999996,AMACR
P33402,13.187441333333332,12.792264499999998,14.526520999999999,GUCY1A2
O43504,16.290314666666667,16.1962175,16.747214,LAMTOR5
P36551,18.012675333333334,18.0655535,17.334573,CPOX
Q9UJW0,15.655359333333331,15.667890499999999,16.053651,DCTN4
F8W8I6,15.711628666666666,15.576562499999998,16.019118,TIA1
A0A087WTA8,23.868433333333332,23.880953500000004,25.472301000000005,COL1A2
Q9UBX3,16.369529333333336,16.639898500000008,15.498313,SLC25A10
P20073,19.404964000000003,19.4536675,19.652681,ANXA7
Q14624,18.200609999999998,17.813653,18.468774000000003,ITIH4
Q9NXA8,17.425354000000002,17.4567925,17.066889000000003,SIRT5
A6NEL0,17.983183333333336,17.8901465,18.624613000000004,HMGN1
A0A0U1RRB9,18.348786,18.550549499999995,17.375061,FGGY
Q96ST3,14.379934000000002,14.441755000000004,15.077596,SIN3A
A0A024R216,15.062348666666663,15.115672000000004,16.818507999999998,HDGFRP3
O00186,15.822288000000004,15.748217499999999,16.132217000000004,STXBP3
O75881,15.73977,15.339955999999997,16.010411999999995,CYP7B1
O43813,18.551180000000002,18.682359,18.905935,LANCL1
Q7Z406-6,19.440096666666665,19.344755499999998,20.432468,MYH14
Q96EY8,18.533697333333336,18.430452499999998,17.475412,MMAB
Q13347,17.04289,16.906578,17.178302000000002,EIF3I
P24844,17.975237999999997,17.767612000000003,19.602200000000003,MYL9
Q9H2G2,16.136078666666666,16.053796,16.533057,SLK
O95302,15.469736,15.150267500000002,16.165416,FKBP9
A0A1B0GTM2,17.830067999999997,17.9871905,16.342885,AMT
Q13576,20.69299,20.753570000000003,19.684601,IQGAP2
P00488,15.75008133333333,15.442021500000001,18.385117,F13A1
P63313,21.964036,22.093492500000004,22.965779,TMSB10
P30040,20.69319666666667,20.512308500000003,20.092751,ERP29
Q9Y4Z0,16.689834666666666,16.851684,17.263831,LSM4
P13796,20.048302,20.035867000000003,20.759333,LCP1
P53999,18.988961999999997,18.935556499999997,19.751378,SUB1
P28482,18.065510000000003,18.217284,18.81891,MAPK1
Q0VF96,18.66453466666666,18.447244500000004,18.003217,CGNL1
O75995,12.943744666666667,13.347705,15.035117,SASH3
O94985,20.114283333333336,20.244650999999998,19.528430000000004,CLSTN1
P05062,25.02728466666667,25.387245500000006,24.302958,ALDOB
Q5SSJ5,18.636374666666665,18.612309500000002,19.322025,HP1BP3
Q09028,16.406309333333336,16.4276795,17.059869,RBBP4
P50053,20.268685333333334,20.453767500000005,18.68652,KHK
P10809,23.011745333333337,22.861577000000004,22.645542,HSPD1
P33176,16.82611066666666,16.885733,17.381793000000002,KIF5B
Q9Y2P5,21.440230666666665,21.2830995,20.374758000000003,SLC27A5
Q13907,18.306354,18.826631499999998,17.803396,IDI1
H7C557,12.685951333333332,12.868100000000002,15.371998,MEGF6
Q6YN16,19.211604,19.3976865,18.578071,HSDL2
P22897,16.731641333333336,16.6376305,16.287397000000002,MRC1
Q13332-2,13.217281333333334,12.704228500000001,14.243544,PTPRS
Q00G26,15.528925333333332,16.338254,13.946065,PLIN5
O14521,17.99456466666667,18.1589055,17.504599000000002,SDHD
D3YTA9,15.937002,16.014477,16.779557000000004,PPP3R1
Q96LD4,13.796388,14.246702500000003,14.916471000000001,TRIM47
Q9Y6W5,15.983291333333334,16.040080999999997,16.663769,WASF2
A0A0A6YYG5,12.84485266666667,13.2135865,14.941067,STON1-GTF2A1L
Q15654,14.500414666666668,13.845493999999999,15.980514,TRIP6
Q9UPN7,14.820054666666666,14.839102500000001,15.528933,PPP6R1
O15258,17.767470666666668,17.6058225,17.371291000000003,RER1
P00367,23.072075333333327,23.1918195,21.511218,GLUD1
O95834-2,16.434004,16.661082,17.123088,EML2
A0A286YF22,21.086938666666665,21.412831999999998,20.064752000000002,PHGDH
Q9H477,18.661753333333333,18.7975255,18.109689,RBKS
P31146,18.966114,18.8255655,20.222936,CORO1A
E7EX90,16.911678,16.968895500000002,17.289825999999998,DCTN1
B5MCA4,12.700513333333333,12.671338000000002,16.193125000000002,EPCAM
Q9UBB5,12.993754,12.601849,14.358587,MBD2
Q9BYV1,19.51581333333333,19.171051999999996,18.014082000000002,AGXT2
Q86YB7,20.284637333333333,20.544676,19.328345999999996,ECHDC2
Q8IW45,17.890612666666666,18.114299499999998,17.855266,NAXD
G3V3H3,14.569220666666668,14.6280045,16.000299000000002,KLC1
P25311,18.055367333333333,17.5938085,18.240747,AZGP1
P24158,16.645005333333334,16.227152,17.358574,PRTN3
P07237,23.534900666666665,23.524353499999997,23.137800000000002,P4HB
Q86VD7,16.589332666666664,16.915858999999998,15.042598000000002,SLC25A42
P84157,15.018688,14.7623565,15.9355,MXRA7
A6NN40,13.117389999999999,13.665158000000002,14.210975,SHROOM1
Q15392,18.229459333333335,17.888093000000005,16.700536,DHCR24
Q16666,15.990310000000001,15.922465499999998,17.493059000000002,IFI16
Q7Z304,12.685114666666665,12.607823999999997,15.256045,MAMDC2
J3KNV4,14.015914,13.105870000000001,16.001797,ITGA7
Q9NZN3,18.593554666666662,18.600713000000002,18.082206000000003,EHD3
P16219,21.16985533333333,21.296936499999997,19.994046,ACADS
O95822,16.86222866666667,16.857339500000002,16.297711,MLYCD
Q5JTB4,13.544284666666666,13.343376500000002,15.676222000000001,PLAC9
K7ER74,19.62030533333333,20.092468000000004,19.754936,APOC4-APOC2
Q16822,23.868565999999998,23.627623999999997,22.648369000000002,PCK2
Q92572,16.65389,16.652826,17.192629000000004,AP3S1
P46527,13.592189333333332,12.8932015,14.605167,CDKN1B
P09210,23.715574666666665,23.781024999999996,20.955474000000002,GSTA2
P42898,13.382236666666666,13.126028999999999,14.407738,MTHFR
P34913,20.570831999999996,21.092586999999998,19.801204,EPHX2
Q8NBL1,15.055726666666665,14.754784500000003,15.845251999999999,POGLUT1
H0Y3V5,20.537700000000005,21.072400999999996,19.606403999999998,THADA
O43776,17.117204,17.171220499999997,17.592592,NARS
P09651,17.294553333333333,17.002912499999997,17.762615,HNRNPA1
P62258,22.069435999999996,21.939762499999997,22.307140999999998,YWHAE
Q01082-3,19.554295333333336,19.733344500000005,19.986477999999998,SPTBN1
Q8WWM7,14.951393333333334,15.009111499999998,15.428056000000002,ATXN2L
P83111,18.508392,18.677386499999997,18.262140000000002,LACTB
Q9H061,18.103013333333333,18.0330945,17.824425,TMEM126A
Q9NRV9,18.885398000000002,18.932084999999997,18.195113999999997,HEBP1
O75356,19.984576,19.9554595,19.26276,ENTPD5
F5GYQ1,16.607090000000003,16.61172,16.957944000000005,ATP6V0D1
Q9Y5X1,15.817460666666669,15.779393000000004,16.221669,SNX9
P53621,19.331982666666665,19.4358215,19.211621,COPA
P30405,19.958099333333337,20.1916875,18.654817,PPIF
Q08945,16.22471133333333,16.154825999999996,16.930744999999998,SSRP1
P61978-3,20.619032666666666,20.410436999999995,20.860106,HNRNPK
Q5T2W1,17.944147333333333,18.169548000000002,17.171246000000004,PDZK1
P49354,15.137927333333332,15.051499000000002,15.358137,FNTA
Q9H2D6,16.027518,15.965566999999998,16.836524,TRIOBP
P07711,17.739628,17.600754000000002,18.207762,CTSL
A0A0C4DGA2,19.963712666666666,19.950344999999995,19.399729999999998,ECI2
Q9H008,19.315215333333335,19.664508999999995,18.237816,LHPP
Q13263,17.813374,17.791548999999996,18.392227,TRIM28
O95466,13.892566,13.7950835,15.296455,FMNL1
E9PKT9,17.001874,17.183738,16.604843000000002,MOCS2
Q5D862,12.876063333333333,12.626356999999999,15.57456,FLG2
Q9Y223,16.905721333333332,17.127863999999995,16.260578,GNE
A0A0G2JH46,17.499161333333333,17.716979000000002,18.508789,HLA-DRA
A0A0A0MS56,21.551527333333336,21.711562500000003,19.599577000000004,ADH6
P07355,20.425121333333333,20.696524999999998,22.447663,ANXA2
A0A0A0MRK6,16.536690000000004,16.424319999999998,16.104919000000002,MTX1
Q96CX2,16.596962666666666,16.512879499999997,18.026608000000003,KCTD12
P49914,17.964442666666667,18.189507,17.426056,MTHFS
Q6NUN0,18.291617999999996,18.516715999999995,17.264487,ACSM5
A0A096LNX8,12.882388,12.486259999999998,14.504119,SCARF2
Q9BS40,15.236072666666665,14.996932000000005,18.233525999999998,LXN
Q9H3Q1,14.063119999999998,13.941316,14.981466000000001,CDC42EP4
Q13884,18.158286,18.176143,17.690866,SNTB1
Q92997,12.816002,12.862146999999998,13.934059999999999,DVL3
Q6IBS0,16.634952000000002,16.621164500000006,17.282456,TWF2
P16220,15.987674666666667,16.030758499999997,16.770294999999997,CREB1
Q9BZV2,16.948028666666666,17.323322,15.345085000000001,SLC19A3
O94875-7,13.585854,13.143492999999998,14.594304,SORBS2
P15428,18.635755999999997,19.417578,18.172305,HPGD
O60218,16.79627066666667,16.1170295,21.580197,AKR1B10
Q9BY49,19.180833333333332,19.031390000000002,18.572943000000002,PECR
O94855,17.046800666666662,17.238289499999997,16.688746000000002,SEC24D
A0A087X020,17.723804666666663,17.696255999999998,18.004730000000002,SBDS
Q15907,19.32212866666667,19.332751499999997,19.574455999999998,RAB11B
P10632,21.752709333333335,21.6603125,20.383376000000002,CYP2C8
P22059,18.406827333333336,18.5846025,18.209919,OSBP
Q969P0,16.782693333333334,16.423698500000004,16.222970999999998,IGSF8
Q4G0N4,20.66354933333333,20.477411,19.687641999999997,NADK2
Q9BW30,14.019651999999999,13.660987999999998,15.858478,TPPP3
K7EKX9,17.413508,17.398921000000005,18.243083000000002,EPS8L1
Q96TC7,17.891771333333335,17.9103625,17.528121,RMDN3
Q96AE4,18.449010666666666,18.3665825,18.974325,FUBP1
Q14739,17.346902666666665,17.0573015,17.513843,LBR
P20810-6,18.49028,18.465949000000002,19.104357,CAST
J3KNN3,17.211636666666667,17.363886,16.273831,PHKG2
P39060,19.144885333333335,19.4040125,20.278877,COL18A1
O15120,17.24750266666667,17.195335499999995,16.092775,AGPAT2
Q13131,19.100200000000005,19.2257155,18.679057,PRKAA1
P35270,18.87616066666667,18.9464505,18.501824999999997,SPR
Q6UX71,13.861750666666666,13.986953,15.854961,PLXDC2
Q08477,18.665915333333334,18.512207000000004,17.799849000000002,CYP4F3
Q9NTX5,18.773802666666665,19.1075135,18.518559000000003,ECHDC1
A0A1B0GTW1,17.219430666666668,17.319872999999998,16.98288,TJP2
E9PCN2,14.266502666666666,14.186106499999998,15.506689999999997,GUCY1B3
Q14749,19.440223999999997,19.233808500000002,17.566993,GNMT
P09622,20.637275999999996,20.737253,20.259016999999997,DLD
Q5T3Q7,15.906720666666667,16.430204999999997,13.675456,HEATR1
H3BNK2,14.789077333333331,15.095342500000001,14.133931,LYRM1
O75452,21.055964000000003,21.061380999999997,19.222369,RDH16
Q9NUQ9,15.969448000000002,15.964751000000001,16.654899,FAM49B
P46736,15.996317333333334,16.214165,17.605521000000003,BRCC3
F8VXC8,15.719354000000003,15.531177500000002,16.316417,SMARCC2
Q9NRX1,12.935228666666665,12.995158499999999,14.337261000000002,PNO1
A0FGR8-2,16.004317333333333,15.858372500000005,16.57638,ESYT2
A0A087WXW9,16.477180666666662,16.061584,18.05831,COL5A1
Q13451,16.88254733333333,16.5682105,17.377409000000004,FKBP5
Q9BYE7,18.323218,18.323206,16.768382,PCGF6
C9JA05,17.186350666666666,17.372506999999995,19.404287,JCHAIN
Q14145,17.26048666666667,17.624378999999998,14.852782999999999,KEAP1
A0A0A0MRT6,15.893814666666668,15.8938615,16.487019,ABI1
Q53FZ2,18.545632,18.7829085,16.984008000000003,ACSM3
O75694,15.826310666666666,15.9141265,16.398905999999997,NUP155
Q9UKV8,14.572956666666665,14.304957499999997,15.341902999999999,AGO2
P33241,15.949420666666667,15.821176999999995,17.472509000000002,LSP1
O75874,23.322517333333334,23.5512015,22.407892,IDH1
Q53FA7,15.609496,16.790899500000002,16.74859,TP53I3
P30086,24.677449333333335,24.7298155,23.763069000000005,PEBP1
P18206,19.452490666666666,19.400984,20.791926,VCL
O00469-2,13.520452666666667,13.910520999999997,14.777649,PLOD2
Q06520,21.836080666666668,21.3684345,20.875085000000002,SULT2A1
K7ELL7,20.979376,20.697508500000005,20.727324999999997,PRKCSH
Q14683,15.488443333333334,15.357318000000003,16.013818,SMC1A
O43707,20.478363999999996,20.590770000000006,21.154978,ACTN4
P30101,22.578661333333333,22.4054545,22.31365,PDIA3
P31040,21.177717999999995,21.1982745,20.569281,SDHA
O43772,21.365663333333334,21.687002,20.298886000000003,SLC25A20
P61163,18.481643333333334,18.5860445,18.824102000000003,ACTR1A
E7ENY0,16.969858,16.7617285,17.581352000000003,ADD1
Q9UGI8,15.370074666666666,15.6824815,16.735911,TES
P01624,19.684804666666665,19.678796,21.249049,IGKV3-15
Q9NWW6,16.858812000000004,16.896935000000006,15.607560999999999,NMRK1
F8W1A4,21.556762,21.585187999999995,21.173096,AK2
Q9Y639,16.63445333333333,16.248084000000002,16.95232,NPTN
A6ND91,19.293647333333336,19.4071135,18.363768,ASPDH
P13866,13.168281333333335,12.819123499999995,14.872452999999998,SLC5A1
P26583,17.721493333333335,17.593197999999997,18.801045000000002,HMGB2
A6NFX8,19.158262666666662,19.3835215,18.914400999999998,NUDT5
O60443,13.620866666666668,13.792432999999997,14.971603000000002,GSDME
E9PNW4,18.601698666666664,18.497622500000002,20.009705,CD59
Q5VWP3,14.835318000000001,15.806970500000002,13.170978999999999,MLIP
P01834,20.604899999999997,20.667035500000004,22.030473999999998,IGKC
P15121,18.43538133333334,18.3749405,19.411775,AKR1B1
J3KR44,17.517332666666665,17.472542,17.875761,OTUB1
P26038,20.134041999999997,20.441488500000002,20.870703,MSN
Q92947,20.556577333333333,20.077911500000003,19.405693000000003,GCDH
P37268,15.230238000000002,15.740392000000003,13.839163000000003,FDFT1
Q9H8Y8,17.664024666666666,17.683733,17.387317000000003,GORASP2
O14975,19.61064733333334,19.451928,18.66115,SLC27A2
P30085,20.504468,20.899176500000003,20.381041000000003,CMPK1
Q8N4T8,18.638767333333327,18.591064,18.020097999999997,CBR4
Q9BSJ8,18.166273999999998,18.092979,18.735362000000002,ESYT1
A0A0C4DH07,14.83508533333333,14.890518,17.975667,LTBP4
O14678,14.400236666666666,14.538929999999999,14.036768,ABCD4
P30048,22.468518666666665,22.583657,21.823009000000003,PRDX3
H0Y638,12.774735333333334,12.4804445,13.320665,RASAL2
P07384,19.133190666666668,19.0601325,19.50338,CAPN1
Q9BRX8,18.998644000000002,19.154284,18.182254999999998,FAM213A
P20020,15.896557999999997,15.635070500000001,16.294569,ATP2B1
P15907,17.873093333333333,17.764893,16.904683,ST6GAL1
Q9UEY8-2,16.816851999999997,16.6511645,17.310299999999998,ADD3
E7EMG1,14.654746666666666,14.820166500000004,16.34413,TNS1
O14974,16.211157333333333,16.1229965,17.4362,PPP1R12A
A0MZ66,16.569993333333333,16.860191500000003,17.002429999999997,SHTN1
O95278,14.585708000000002,15.320423000000002,13.531256000000003,EPM2A
Q3KQV9,13.699102000000002,13.5181165,14.948074,UAP1L1
Q13797,13.955324000000001,14.225924999999998,15.565834,ITGA9
O60504,16.123022,15.970405,17.171329,SORBS3
H7BXD5,16.80927933333333,16.7142725,17.816854999999997,GCA
P35813,17.346440000000005,17.346314499999995,16.947976,PPM1A
O43687,12.542347999999999,13.464825999999999,14.207151000000001,AKAP7
Q14112,16.518412666666666,16.616353999999998,18.452481999999996,NID2
P08311,18.321126,18.0981945,19.752723000000003,CTSG
P00491,17.848068666666666,18.117646999999998,17.310804,PNP
Q8WYK0,17.131120666666664,17.882446500000004,15.904243,ACOT12
Q14847,21.099396,21.099474500000003,21.697998000000002,LASP1
H0YA52,20.371543999999997,20.4980045,19.523584,PCBD2
Q9NPE3,14.537536,13.769892500000003,15.463005,NOP10
P13611,15.141853333333332,15.058031500000002,18.142220000000002,VCAN
Q9H0Q0,14.421691333333335,14.217042000000001,15.361993000000002,FAM49A
Q8IWW8,17.557460666666664,17.644210499999996,16.680309,ADHFE1
P31995,13.903977999999999,14.385773500000003,15.687087,FCGR2C
Q5JX83,13.904322,13.959211500000004,14.704845999999998,HSPA12B
Q6UVY6,13.261946666666667,12.824392000000003,15.975524000000002,MOXD1
P17275,12.682806000000001,12.640974,14.302340000000001,JUNB
Q9NPH2,16.644009999999998,16.7573415,18.300345999999998,ISYNA1
C9JIF9,20.344942,20.380187,19.985659000000002,APEH
A0A0C4DGQ8,14.925890666666664,14.917397499999998,15.461295000000002,DHRS7B
O75911,17.507968666666663,17.4982725,16.935454,DHRS3
O14874,17.091038666666666,17.1325735,16.575809999999997,BCKDK
Q13308,12.962246666666665,12.7549805,15.205656000000001,PTK7
A0A067XG54,15.675206666666668,15.877080500000002,13.869818999999998,ATP11C
A0A087WXS7,17.523316,17.448647499999996,18.057181,ASNA1
A0A0C4DGQ5,18.973602000000003,19.02524,19.739286,CAPNS1
O00468-6,16.610000666666668,16.9758565,18.161032000000002,AGRN
P02461,21.268441333333335,21.326361499999997,23.29517,COL3A1
Q9H9B4,19.957686666666667,19.880539499999998,18.919715,SFXN1
G3V1L9,16.326800666666667,16.214395000000003,16.918626,TJP1
P01602,17.719389333333332,17.9645015,19.31913,IGKV1-5
P06703,19.497237333333334,19.477238999999997,20.812287,S100A6
O15245,17.23605666666667,17.4523135,15.729268000000001,SLC22A1
P35241,20.867760666666662,21.054014999999996,21.373734000000002,RDX
P54710,12.557693400000002,12.632876,15.258942,FXYD2
P01009,21.803264000000002,21.3584635,22.781028,SERPINA1
P38919,17.670344,17.557111000000003,18.007824,EIF4A3
E9PQW1,13.843906666666665,14.0880695,14.988548000000003,CARD16
P25788,20.347968,20.422750500000003,20.083408000000002,PSMA3
O14980,16.65504,16.773000000000003,17.063573999999996,XPO1
Q96RP9,17.71224733333333,17.7464675,17.381716,GFM1
P20700,18.701467333333333,18.6936995,19.334018,LMNB1
P07306,18.715942666666667,18.494401000000003,17.807832,ASGR1
H0YAB3,14.972272,15.6713475,14.115186,SEC31A
Q9UJY1,14.342384,13.207960999999997,15.025009,HSPB8
Q06278,22.29047333333334,22.102640500000007,20.749851,AOX1
P05155,19.315148,19.026928500000004,19.796765999999998,SERPING1
P50336,15.788419999999999,15.910200000000003,15.349598,PPOX
H3BP35,17.418007999999997,17.831327500000004,16.433955,MVD
Q9BWD1,21.38806466666666,21.688271999999994,20.092118000000003,ACAT2
Q13113,12.867948666666669,12.354187499999998,14.695528000000001,PDZK1IP1
Q9BRF8,18.68905133333333,18.930179,18.253427,CPPED1
E7EVA0,16.847546666666666,16.976394,17.726907999999998,MAP4
F8W1G2,14.836630666666666,15.353571999999996,17.594324,EGLN3
P00505,22.781236,22.8824795,22.06913,GOT2
A0A0D9SF44,20.736597333333332,21.438542500000004,19.944418,R3HCC1
C9J5M0,14.38228533333333,13.403329,15.242828,MYADM
O00763,17.52080666666667,17.801483,15.978136999999998,ACACB
Q96JC1,12.405258,12.782907499999999,13.465494000000001,VPS39
B1AHL2,14.422492,14.234399499999999,16.654678999999998,FBLN1
P35573,20.941078666666666,21.008144500000004,19.867706,AGL
E7EVX8,16.12540333333333,15.835032499999997,16.541778,PRPF31
C4AM86,17.285984666666668,17.0929695,16.673336999999997,KRT35
P48426,16.15350466666667,16.0691285,17.262082,PIP4K2A
Q96A49,16.551684,16.559459999999998,15.956082,SYAP1
P49458,17.136309333333333,17.139304499999998,17.700835,SRP9
Q92520,16.42040666666667,16.155528,17.01674,FAM3C
O14498,13.822937333333332,13.312470000000001,16.218487999999997,ISLR
E9PR44,16.511801333333334,16.189566,17.688963999999995,CRYAB
Q96CU9,15.718581333333336,16.032708,14.853427,FOXRED1
Q7L576,17.205030000000004,17.224156999999998,17.651838,CYFIP1
O43665,13.807800666666667,13.811371499999998,15.803770999999998,RGS10
Q93088,23.53063066666667,23.636372,22.307674,BHMT
O15067,16.35543,16.504669,16.584978,PFAS
Q9Y6C2,18.604359999999996,18.712655499999993,21.055066999999998,EMILIN1
Q27J81,16.46651333333333,16.2576795,17.106265999999998,INF2
P04196,17.623031333333337,17.385199,18.159947,HRG
O14983,15.523361999999999,12.569551,18.855529999999998,ATP2A1
B7WPG3,14.543195333333331,14.5384335,15.107834,HNRNPLL
Q9NZJ6,15.706114666666666,15.3263395,14.716323999999997,COQ3
O00483,20.753204666666665,20.774985500000003,20.186633,NDUFA4
Q9NQT4,13.279987999999998,13.426232000000002,14.162524,EXOSC5
Q92499,18.761478666666665,18.728412999999996,19.119029,DDX1
O75764,15.59692,15.7527805,14.768847,TCEA3
Q8IUZ5,17.163591333333333,17.392714,17.005599,PHYKPL
Q9ULZ3,17.260132666666667,17.274916999999995,18.239387,PYCARD
E9PRU1,13.519511999999999,13.107380000000003,16.514656000000002,EFEMP2
Q9Y3Q8,14.301340666666666,13.932829499999997,15.12,TSC22D4
Q6UWM9,17.145020666666667,17.464902499999997,16.204247,UGT2A3
Q9H3S7,14.894324000000001,14.842611,15.389629000000003,PTPN23
Q8IUX7,16.751910000000002,16.295025000000003,18.937002,AEBP1
Q17RC7,16.392958666666665,16.6381575,15.562215,EXOC3L4
Q92576,14.219222666666667,13.420524,15.277016,PHF3
O14756,20.76234266666666,20.9624565,19.395049999999998,HSD17B6
Q9NRX4,16.367038,16.388945000000003,17.019304,PHPT1
P01780,16.595651999999998,16.850266499999996,18.403989,IGHV3-7
O75937,16.72728866666667,16.621577999999996,17.292402,DNAJC8
Q9BV23,16.256843333333332,16.376198999999993,15.50655,ABHD6
P30039,21.21872,21.5837035,19.655217,PBLD
O75935,16.600236666666664,16.704240999999996,17.164322000000002,DCTN3
P27361,16.496078666666666,16.446938499999998,17.471654,MAPK3
O15254,15.920499333333332,15.741772000000001,16.512868,ACOX3
P52566,19.783784666666666,19.743354499999995,20.794196,ARHGDIB
Q93091,14.365386,13.123746,14.854148,RNASE6
P50579,16.768630666666667,16.750653,16.465888,METAP2
Q9H773,14.525686,14.3507855,16.047371000000002,DCTPP1
Q9UJS0,20.438708666666667,20.467529000000003,19.548434999999998,SLC25A13
H3BP28,15.616253333333331,15.6330435,15.334905000000001,COQ7
O95793,17.136153333333333,17.232229,16.741441000000002,STAU1
D3DTX6,14.262389333333333,14.3581535,15.588585,PPP1R9B
A0A0G2JLV7,13.099249333333331,12.762748499999999,14.267327,LAIR1
P17931,17.995680666666665,17.735899499999995,20.391844000000003,LGALS3
Q6P6B1,13.503895333333334,14.660447,15.317004,ERICH5
P08240,18.20360666666667,18.287459000000002,17.378254000000002,SRPRA
Q93100-3,17.321911333333333,17.444839500000004,16.466478,PHKB
Q13951,13.479609333333334,12.851190499999998,14.365615,CBFB
Q14204,18.531882666666665,18.553526499999997,19.077595,DYNC1H1
B8ZZB8,14.863861333333336,14.753745999999998,16.280917,CNRIP1
Q6UWW8,15.385815999999998,16.382499,14.481091999999999,CES3
Q9NP71,15.614609333333334,15.245903000000004,14.435262,MLXIPL
Q13838,19.184088666666664,19.093234499999998,19.562056,DDX39B
Q8N392,14.804757333333335,14.6215665,15.817482000000002,ARHGAP18
P63000,19.914572000000003,19.869139,20.483804999999997,RAC1
P42704,19.57422066666667,19.692372,19.353205,LRPPRC
O75970,16.478792666666667,16.6081775,15.048291,MPDZ
Q9NQH7,16.839955333333332,17.110305,15.972257000000003,XPNPEP3
O60264,14.464263333333333,14.305356999999997,15.343300000000003,SMARCA5
Q14761,13.243734666666667,13.069350499999999,15.157557,PTPRCAP
Q13402,14.640559999999999,14.520621999999998,15.573969,MYO7A
A0A0U1RRM4,18.976241333333334,18.882444,19.212432,PTBP1
P62330,19.01559666666667,19.017828499999997,18.552382,ARF6
P55263,19.26548066666667,19.409324499999997,18.555255,ADK
Q9BWF3,16.213572,16.218971000000003,16.578588000000003,RBM4
A0A286YEY1,20.322764666666668,20.355983499999997,22.24842,IGHA1
Q14247,17.95456533333333,17.97264,18.290461,CTTN
B0QYN7,17.640562666666664,17.657379,18.444229999999997,UBE2I
O94919,16.01060466666667,15.8717725,17.381037,ENDOD1
Q9NXG2,14.71092,14.617202,15.416644000000002,THUMPD1
Q15121,17.194152,16.9858965,18.374115999999997,PEA15
P35555,19.382329333333328,19.976209000000004,21.53854,FBN1
P55290,14.389548666666665,13.891996500000005,15.739580999999998,CDH13
P13797,18.135892000000002,18.2134485,18.475169,PLS3
Q9NYQ3,17.737496,18.096360000000004,16.177805999999997,HAO2
Q96IJ6,17.346246,17.624052999999996,16.877871,GMPPA
A0A0D9SF63,15.286294,15.283126000000001,16.00986,TBL1XR1
Q6KCM7,15.479396666666668,14.256773499999998,17.741655,SLC25A25
Q9H993,17.589018666666668,17.6997445,17.387399,ARMT1
P51911,15.673742666666666,14.807834500000002,16.840391999999998,CNN1
P36269,18.235675333333337,18.458472000000004,19.595211999999997,GGT5
Q96P47,13.449924666666666,13.5067025,13.964851999999999,AGAP3
Q9Y316,16.668869999999995,16.8869365,15.737790999999998,MEMO1
A0A0C4DG89,15.934037333333334,15.7707095,16.175952000000002,DDX46
P51452,18.073926000000004,18.415747999999997,18.068261,DUSP3
Q9Y2S2-2,21.179808666666666,21.2473235,20.488933000000003,CRYL1
Q9Y281,18.50959733333333,18.5054315,17.906002,CFL2
Q9GZT9,15.365625333333332,15.329694,15.845536,EGLN1
Q9Y625,14.796337333333332,15.236718,16.885232000000002,GPC6
Q13303,14.158566666666665,13.903075000000005,15.582071,KCNAB2
P05186,16.532148,16.501838,17.37919,ALPL
Q92625,14.215178000000002,13.801423500000002,15.218154000000002,ANKS1A
P04040,23.945562000000002,24.246995999999996,22.896517,CAT
P67936-2,20.731213333333336,20.534829499999997,22.292377999999996,TPM4
Q9H4G0-2,13.298647333333333,13.385023,15.598981,EPB41L1
Q9HCU0,13.100783333333336,12.646688500000003,14.694417999999999,CD248
Q99623,20.896500000000003,20.867711,20.680221999999993,PHB2
Q2TAY7,15.541632666666667,15.481054500000003,16.033418,SMU1
Q02252,23.03132,22.6379345,22.211795000000002,ALDH6A1
P57772,16.75498,16.955563,16.122379,EEFSEC
P78527,18.062708,18.038453499999996,18.424569,PRKDC
Q6NUK1,16.201464666666666,16.006035,17.773848,SLC25A24
P22413,16.745990666666668,16.839909,15.968419,ENPP1
Q8IY33,14.155491333333336,14.069551000000004,15.912447999999998,MICALL2
Q8TED1,13.125292,12.664833,14.534958999999997,GPX8
Q15582,19.348587333333334,19.446421000000004,21.289668,TGFBI
O76054,20.596303999999996,20.613919499999998,19.26521,SEC14L2
P49863,14.611186666666667,14.520481500000002,16.056152000000004,GZMK
P50995,17.795991333333333,17.7600005,18.791729,ANXA11
P50453,17.430089333333335,17.411774,18.691383,SERPINB9
Q96HD9,15.801096666666668,15.979750999999998,14.409487000000002,ACY3
Q9Y5M8,18.116404666666668,18.102157499999997,17.645785999999998,SRPRB
Q9UBR1,20.20834666666667,20.246192,18.320134,UPB1
P26006,13.40025066666667,13.314530999999999,15.644522,ITGA3
F5H8H2,17.570494,18.236994499999998,16.732743999999997,MVK
Q12882,17.305316,17.573787,16.902703999999996,DPYD
Q99714,21.02239066666667,21.000554,20.538520999999996,HSD17B10
P23528,21.5049,21.6984375,22.250341,CFL1
P62805,23.928290666666673,23.864916,24.650581999999996,HIST1H4A
O43294,15.629849333333334,15.393486999999999,17.882734000000003,TGFB1I1
Q96CN7,20.035518666666672,20.174975,19.702282,ISOC1
H3BNU1,16.868788000000002,17.274452500000002,16.219611,TBC1D24
Q9UI12,15.808358000000002,15.8229765,16.108641,ATP6V1H
P49327,21.395955999999998,21.785361499999997,20.692798999999997,FASN
P19623,16.572414666666667,16.5534835,17.651109,SRM
Q9H1E5,16.347438666666665,16.1173565,17.051961000000002,TMX4
P05091,25.00175666666667,25.02709,24.144467,ALDH2
O75170,17.019645333333337,16.747994999999996,18.967324,PPP6R2
P51570,21.14768466666667,21.3831285,19.793180999999997,GALK1
C9JQD4,15.991967333333331,15.921730999999998,16.441674,PPIH
Q9UK76,15.014706666666667,14.983244500000003,15.927049999999998,JPT1
Q6Q788,15.794049999999999,15.198273000000004,13.965737,APOA5
B4DY09,18.189778666666665,18.114632000000004,18.623037,ILF2
Q92673,14.748109333333334,15.460949,14.668708,SORL1
P26368,17.365955333333332,17.233044999999997,17.841587,U2AF2
Q7Z2K6,15.333226666666665,15.178487,16.270511,ERMP1
Q9UK58,21.787839333333334,21.991315499999995,20.802925000000005,CCNL1
B7ZLQ5,14.992638666666664,15.015298999999999,15.919903,SMARCA1
P48637,19.574502666666667,19.722457000000006,19.423575000000003,GSS
P57740,15.011086,14.907085499999999,15.501865,NUP107
O60664,16.635999333333334,16.586236500000002,17.251306999999997,PLIN3
B7ZM99,21.547998666666665,21.226110000000002,19.826358,MTHFD1L
A0A0C4DFX9,13.710445333333336,13.847480000000001,14.733613,NELFA
P58166,17.47788666666667,18.576373,19.888245,INHBE
O00299,19.398107333333332,19.3798375,20.387145999999998,CLIC1
Q99584,17.798234666666662,17.794569499999998,19.540564000000003,S100A13
Q13045,16.404122666666662,16.262221,16.823857,FLII
Q53T59,16.767876666666663,16.7896955,17.13277,HS1BP3
Q15050,14.751391333333332,13.414190000000001,15.852241000000001,RRS1
Q14344,15.673221333333334,15.624101,16.263978,GNA13
Q99576,14.697559333333329,13.1859375,17.386995000000002,TSC22D3
A0A024R571,18.456372666666667,18.496958,18.034773999999995,EHD1
Q9Y617,20.47697933333333,20.876907,19.242531,PSAT1
Q02880,14.593198,14.370817500000001,15.468162000000001,TOP2B
O43639,13.844825333333334,13.660893499999997,15.748456,NCK2
P68104,23.136822000000002,23.283031,23.021127999999997,EEF1A1
Q8IVM8,15.744150666666666,16.243477500000004,14.032530000000003,SLC22A9
P09525,20.562282666666665,20.834353999999998,21.913344000000002,ANXA4
Q13526,17.510354666666668,17.3354415,17.693172,PIN1
P08727,22.12060466666667,22.315389500000002,23.024221000000004,KRT19
Q9H4G4,16.364607999999997,16.384687,17.640268,GLIPR2
Q03252,18.139346,17.998901,19.193942,LMNB2
P09758,12.691518,12.576140499999998,16.314231999999997,TACSTD2
A0A0A0MQU4,17.928627333333335,17.691882,17.41379,SCLY
Q9Y6G9,15.748038,15.652140500000005,16.36675,DYNC1LI1
P55157,21.462450666666662,21.282056,20.594225,MTTP
Q9UHD8,17.70151466666667,17.642966,18.387392,9-Sep
Q13043,14.099622666666669,14.136024999999998,15.288974999999999,STK4
Q6P1X6,18.213557333333334,18.0928965,17.577074000000003,C8orf82
P53708,17.30965133333334,17.563269999999996,15.916777999999999,ITGA8
G3XAI2,15.256348666666668,14.883601500000001,17.447267999999998,LAMB1
Q7Z6Z7,15.545818,15.751184500000003,15.745973000000001,HUWE1
Q8NBJ4,12.847163333333333,12.685941500000002,14.725677000000001,GOLM1
O15427,13.331304000000001,12.671238500000001,14.306664000000001,SLC16A3
P48740,14.500686666666667,13.085887,14.895872,MASP1
P31512,17.687754666666667,17.7736195,16.298182999999998,FMO4
O76071,17.150832666666666,17.198621999999993,16.829591,CIAO1
P13010,18.973076666666667,19.057460000000003,19.591785,XRCC5
O95782,17.83292733333333,17.774302,18.165830000000003,AP2A1
P41250,18.205088666666665,18.280544,18.573474,GARS
Q9NSE4,18.40158,18.389069,18.06177,IARS2
C9JQD1,14.504575333333333,15.233549,12.958378,GCK
P35442,12.639826000000001,12.73783,14.922009,THBS2
Q92506,19.319836666666667,19.327216000000004,18.645483,HSD17B8
C9JXF9,13.592319333333334,12.4994905,15.566346999999999,IGFBP1
P21283,16.21135333333334,16.1942995,16.552282,ATP6V1C1
A0A087X271,16.768013333333336,16.8000285,18.508726,CNN2
O14657,15.968935999999998,15.839996500000002,15.109575999999999,TOR1B
Q9BVS4,13.148254000000001,14.912877999999997,19.745393999999997,RIOK2
P14621,17.496894,17.493238499999997,16.896238000000004,ACYP2
Q5QPL9,18.058378,18.009306000000002,18.551763,RALY
Q9UF12,17.560422,17.723340999999998,16.907452,PRODH2
P29536,13.013174666666668,13.095794000000001,15.782615999999999,LMOD1
Q9Y305,16.693836,16.703777999999996,17.327762999999997,ACOT9
Q5BJF2,19.275163333333335,19.3722315,18.293813,TMEM97
P13674,15.983192,14.780665000000003,16.776956000000002,P4HA1
A0A087WUQ6,18.478857333333337,18.8686795,18.244722000000003,GPX1
E7EQR4,19.064270000000004,19.0667655,19.557582000000004,EZR
P01700,16.606246,16.9172415,18.835812000000004,IGLV1-47
E9PIE4,17.146219999999996,17.322423500000003,15.501156999999997,MTCH2
B8ZZZ4,12.483592,12.772807000000004,15.216563000000003,CD8A
P04083,19.399884666666665,19.3184125,21.067945,ANXA1
Q10567,17.716408666666666,17.766462999999998,17.537261999999995,AP1B1
P48735,22.145910000000008,22.404017,21.418312,IDH2
Q63HM1,17.336388000000003,17.659492000000004,16.182023000000004,AFMID
K7EKE6,18.969453333333334,18.998564499999993,18.570275,LONP1
A0A0C4DH36,12.697132000000002,13.584033999999999,15.119518,IGHV3-38
P25815,16.226347333333333,15.303221500000001,18.25507,S100P
Q6UY14,13.670189333333331,13.245554000000002,15.79958,ADAMTSL4
Q5JUW8,12.99168,12.619566000000003,14.942149,DLG3
Q9BXK5,17.713530666666667,17.735784000000002,17.242468,BCL2L13
A6NMZ7,15.528919333333333,15.906187499999998,13.503578999999998,COL6A6
O60506,19.490006,19.421870499999997,19.71474,SYNCRIP
P08758,21.076226000000002,21.3888325,22.285243,ANXA5
P01717,15.751413333333337,15.946781000000001,17.578992,IGLV3-25
D6RH31,13.609604666666666,13.534098499999999,16.331259,NPNT
P06756,16.112452666666666,16.0535515,17.665210999999996,ITGAV
Q8TD30,18.474392,18.486594000000004,17.347813999999996,GPT2
O43852,18.613952,18.332930500000003,18.99033,CALU
O43143,17.013452,16.9423605,17.482746,DHX15
P17516,22.020266666666668,22.328950999999996,21.041478,AKR1C4
H3BUU9,12.725686,12.651678,14.699152000000002,CDH11
O75781,15.409296666666668,15.352835500000007,16.110654,PALM
Q9NR19,18.601858666666665,18.765793999999996,17.449994999999998,ACSS2
A0A0G2JLB3,15.169805333333334,14.901063500000001,16.162175,GBA
P61221,16.554430666666665,16.514153,16.772275,ABCE1
P16333,15.628890666666669,15.711649,16.354104999999997,NCK1
Q96LJ7,18.939283999999997,19.3205495,17.755637,DHRS1
P32942,13.863410666666665,13.7618945,16.014457999999998,ICAM3
Q7KZF4,19.913301333333337,19.984387500000004,19.693683999999998,SND1
Q96IX5,19.12554533333333,19.384788999999998,18.941080000000007,USMG5
P31946,19.882786,19.999602000000003,20.549968999999997,YWHAB
O75165,14.142736666666666,14.130757999999997,14.761453999999997,DNAJC13
P13073,20.897682666666665,20.917943,20.533153000000002,COX4I1
Q6XQN6,20.520240666666666,20.761360500000002,19.4981,NAPRT
O75844,16.945614666666664,16.8137115,17.189,ZMPSTE24
Q86WA6,18.956271333333337,19.079642,18.199681,BPHL
Q9UQE7,14.609379333333333,14.443930499999997,15.184383,SMC3
P56937,16.240524,16.3881565,14.704077999999999,HSD17B7
O95817,14.290023999999999,14.359004000000002,16.008696999999998,BAG3
P34897,21.617898666666672,21.751348999999998,21.178092999999997,SHMT2
Q01518,19.907438666666668,19.9311995,20.501782000000002,CAP1
Q14118,16.861922666666665,16.735432499999998,17.50598,DAG1
A0A087WT39,15.297013999999999,15.4385225,14.128783000000002,LIME1
Q9BR10,13.738979999999998,13.761155500000001,15.556209999999998,SPATA25
A0A024R5I4,17.767461333333333,17.7177225,16.867303999999997,SLCO2B1
O95831,21.091695333333337,21.305119,20.666569000000003,AIFM1
Q58FF8,18.202071333333333,18.198828999999996,18.655806000000002,HSP90AB2P
Q9NPD5,17.288908666666668,17.203559000000002,15.827307000000001,SLCO1B3
B5MCT9,17.508352000000002,17.913699,15.728862000000003,STXBP4
A0A087WWW7,16.72671066666667,16.998883,18.792479,TNS1
Q32MZ4-3,15.958232,15.772011999999998,16.252367999999997,LRRFIP1
Q99447,19.64174866666667,19.685539000000002,18.762782,PCYT2
Q8TE77,15.024539333333331,14.777383500000003,15.883895999999998,SSH3
Q4VXZ8,18.680283333333332,18.900292999999998,18.107791,DECR2
A0A0A0MS41,18.700930000000007,18.615448,18.254503,SFXN3
P56705,12.947630666666667,12.686806,14.538254,WNT4
P37059,19.968177333333333,19.185791,20.383209,HSD17B2
Q15942,17.954237999999997,18.001312499999997,19.430399,ZYX
P35052,14.069629999999997,14.670074499999995,16.029045,GPC1
Q6IB77,20.651054,20.7046405,19.311364,GLYAT
P21439,15.876886666666666,16.466614,16.255385999999998,ABCB4
Q9UI08-2,15.418583333333334,15.311992499999999,16.379019000000007,EVL
P20929-3,18.068184666666664,17.9834165,19.619277,NEB
P42696,15.423886666666666,13.557432,16.363052,RBM34
P09496-2,18.337443999999998,18.180885500000002,18.626163999999996,CLTA
P11047,17.473391999999997,17.672492,19.035013,LAMC1
K7EQX8,15.432616666666668,15.341165,16.983479000000003,MXRA7
Q99959,17.08706533333333,17.155061,16.721131000000003,PKP2
O60763,18.878940000000004,18.994546999999997,18.590404999999997,USO1
Q9NXD2,19.35246,19.5389075,16.827242,MTMR10
F5GY03,15.689143999999999,15.498764499999998,16.536239000000002,SPARC
Q13464,15.251159999999999,15.255334,15.663996000000001,ROCK1
Q5VYS8,16.527139333333334,16.513810499999998,18.446102,ZCCHC6
Q9NQX3,17.46798266666667,17.314795999999998,16.597809000000005,GPHN
Q00577,17.825300000000002,17.759295,18.106544,PURA
O95251,12.515222,12.466956999999997,13.245038000000003,KAT7
Q8NCG5,12.989035333333334,12.789366500000003,15.347783999999999,CHST4
Q9P2X0,17.607333999999998,17.420921500000002,15.975376999999998,DPM3
O95486,17.254313333333332,17.481327499999995,16.843533,SEC24A
O95563,19.880948,19.752242499999994,19.121852999999998,MPC2
Q16775,20.892252,21.097234500000003,19.744730999999998,HAGH
Q9HBL0,18.087104000000004,18.183336000000004,19.838878,TNS1
A0A0D9SFB5,24.95985333333333,25.241723999999998,22.043344,ADH4
P04004,19.23527466666667,19.1638965,20.477631000000002,VTN
B1ALH6,19.15910066666667,19.445007999999998,18.063260999999997,PHYH
Q14152,17.007167333333335,16.848888,17.050897,EIF3A
H0Y368,17.79152733333333,17.57759,17.863087999999998,DPM1
P09467,23.23566933333333,23.786328500000003,22.375991999999997,FBP1
A0A0B4J1Z1,18.653878000000002,18.5493475,19.026851,SRSF7
P61952,13.868986000000001,13.945806499999998,15.922006,GNG11
Q99611,18.997729333333332,19.137324,18.163898,SEPHS2
O00567,16.827947333333334,16.7223405,17.106855,NOP56
Q93052,18.787463333333335,18.590141000000003,19.881626,LPP
Q01581,17.774825333333336,18.520879999999995,16.795156,HMGCS1
Q9H190,12.364682666666669,13.212055999999999,14.728911999999998,SDCBP2
A0A0G2JSD7,19.69898,19.848414499999997,17.400613,CYP2D6
P05091-2,18.01540933333333,18.1301135,16.345612,ALDH2
P21695,21.957067333333335,22.544752999999996,20.270765000000004,GPD1
Q05682,19.21631933333333,19.279719500000002,20.900024000000002,CALD1
Q99460,17.790149999999997,17.923687499999996,17.701827,PSMD1
O60343,14.667909333333336,13.8220785,14.641714000000002,TBC1D4
P62070,17.314908666666668,17.302518,18.364335,RRAS2
P35914,21.517309333333333,21.536062499999993,20.992165,HMGCL
Q9NPJ3,20.989426666666667,20.960300999999998,20.137385000000002,ACOT13
G3V4U0,16.204109333333335,16.992868,20.702410999999998,FBLN5
A0A087WWA5,15.050506000000002,14.136771000000001,17.672214000000004,TNXB
A0A0A0MQT0,19.309842666666665,18.9500945,20.60068,RBP1
Q9P0M6,17.085852,17.6612605,18.556701999999998,H2AFY2
B8ZZQ6,17.25522266666667,16.948434499999998,17.874734,PTMA
Q96RQ3,18.640859999999996,18.541497,18.040366,MCCC1
Q16181,18.473175333333334,18.394603,19.314264,7-Sep
Q92878,15.174521333333333,15.171167999999998,15.670521000000003,RAD50
P12107,18.42094466666667,18.2764615,20.500975,COL11A1
Q15555,16.502209333333333,16.5373145,17.177775999999998,MAPRE2
Q15149-3,16.479395333333333,15.766364499999998,17.169584000000004,PLEC
Q08830,16.613915333333335,16.1060855,17.041206,FGL1
P32321,15.405848666666666,15.48881,16.039065,DCTD
P09874,17.229530000000004,17.154088,17.591912,PARP1
P35580,19.351450000000003,19.327509,20.793272,MYH10
Q04446,20.37437,20.796217500000004,19.711413,GBE1
Q96HR9,21.10692666666666,21.133460500000005,20.212612999999997,REEP6
A0A087WSV6,23.067811333333335,23.230960500000002,21.438910999999997,LILRB1
E9PLS9,17.846034,17.918771999999993,16.792686,TM7SF2
Q15020,16.153469333333337,16.035873000000002,16.56774,SART3
Q15758,12.963672666666668,12.509466,14.822453999999999,SLC1A5
A0A087X0K0,15.427104666666668,14.546337500000002,17.272861,COL15A1
P02747,17.891772666666665,17.659136999999998,19.433141,C1QC
P43034,17.018609333333334,17.0850435,17.460512,PAFAH1B1
A0A0A0MSQ4,16.238609999999998,16.751468999999997,14.486825000000001,ESPN
Q13547,16.155748666666668,16.0167825,16.787163,HDAC1
Q9P0J1,13.60884466666667,13.4582325,15.096488000000003,PDP1
H7BYY1,19.093152,19.045535500000003,20.203789,TPM1
P32320,16.030569333333332,17.1206225,15.925889999999999,CDA
J3QL56,18.856808666666662,19.018722,18.522924,SCO1
A0A075B6P5,19.069470666666668,18.388167000000003,19.784375,IGKV2-28
P00441,23.414418666666666,23.438637000000003,22.437617,SOD1
O95379,14.255813999999997,14.419694999999999,15.414784000000001,TNFAIP8
P52758,22.477138,22.8001935,21.680323999999995,RIDA
P60660,21.470292000000004,21.410728999999996,22.10519,MYL6
P35579,21.186459333333335,21.2315345,22.382450999999996,MYH9
Q96AC1,18.492473999999998,18.477781999999998,19.054322000000003,FERMT2
Q63ZY3,16.657694666666668,16.661689000000003,17.616111999999998,KANK2
P10301,17.28089866666667,17.246248,18.861221,RRAS
P14543,16.856564666666667,16.984082,18.453682999999998,NID1
Q8NFW8,17.345345333333334,17.6083795,16.913402,CMAS
P04839,16.192488666666666,15.961232499999998,16.304713,CYBB
A0A075B6R2,13.936192666666667,13.051425499999999,16.629769,IGHV4-4
Q06124,16.785162666666665,16.990075,17.295679999999997,PTPN11
H3BM52,14.923402666666666,15.228062999999997,15.534734,ARL2BP
P06396-2,17.360589333333337,17.788263000000004,19.336127,GSN
P27348,17.962409333333333,17.9295665,18.509351,YWHAQ
Q9NQR4,21.258559333333334,21.624977000000005,20.503605,NIT2
Q13151,20.808624666666667,20.791436,21.284369999999996,HNRNPA0
P07195,18.65063133333334,18.5380035,19.779795999999997,LDHB
P20962,20.427142,20.491573,19.557453,PTMS
Q9BX97,14.445236666666668,13.320887500000001,16.522122,PLVAP
Q9P1F3,18.661815333333333,18.570680999999997,19.366955,ABRACL
O14818,20.40150333333333,20.5486,20.168888000000003,PSMA7
Q8NC06-2,15.786809333333336,16.191338999999996,15.069571999999999,ACBD4
Q92626,14.707714666666666,14.611777500000002,16.099871,PXDN
P13667,21.943180666666667,21.747780500000005,21.324485000000003,PDIA4
G3V3X5,13.985398666666667,13.378231500000002,18.343688,LTBP2
Q9HAC7,16.699128666666663,16.380741500000006,14.963840000000001,SUGCT
Q15404,18.555045333333332,18.467297000000002,19.539460000000002,RSU1
P50452,17.367870666666665,17.226295000000004,18.097287,SERPINB8
O75907,15.241743333333336,15.4240065,13.601926000000002,DGAT1
O60240,14.931858666666665,17.329054000000003,12.777282999999999,PLIN1
P21912,20.453808666666667,20.364120500000002,19.893995999999998,SDHB
Q9Y3D6,18.222548,17.9376,17.859612000000002,FIS1
P21397,19.435503999999998,19.366272000000002,18.737164999999997,MAOA
O43491,17.686443999999998,17.599905999999997,18.420566,EPB41L2
P23634,15.726101333333334,15.294342500000003,15.979678000000002,ATP2B4
A0A0A0MSB8,15.479790666666666,15.441227499999997,15.983956000000001,EXOC7
P19338,20.985807333333337,20.878500499999998,21.312155,NCL
P27338,21.740992666666667,21.787892000000003,21.025365,MAOB
P46952,21.264899333333332,21.2425825,19.929215,HAAO
G3V4T6,18.731109333333333,18.7750845,17.702961,GSTZ1
P06737,22.07630933333333,22.29308,21.349816999999998,PYGL
P30613,20.019941333333335,20.694683,18.572717000000004,PKLR
P04075,23.825528000000002,24.2604665,23.444067,ALDOA
Q9BSE5,19.560393333333334,19.893889500000004,18.431285999999997,AGMAT
P78539,13.765218,13.247592999999998,16.295085999999998,SRPX
P42566,16.550849999999997,16.4437695,16.814296,EPS15
Q99733,16.968228,16.948894000000003,17.437074000000003,NAP1L4
P31150,16.528177333333332,16.3164,17.257607999999998,GDI1
P55285,12.749219333333336,12.617518,14.852957,CDH6
O14841,17.806055333333333,17.671117000000002,16.812430000000003,OPLAH
O75936,17.053801999999997,18.244764500000002,14.488392,BBOX1
P48960,14.147544000000003,14.937648999999999,16.722873,CD97
O15144,18.65197266666667,18.6555755,19.099638,ARPC2
Q8TEQ6,13.921497333333333,13.775453500000001,14.160901999999998,GEMIN5
P61224,19.720086666666663,19.6146135,19.991722999999997,RAP1B
Q16643,13.483597333333332,13.568410499999999,15.358242999999998,DBN1
P11168,20.460961333333334,20.43,18.673713,SLC2A2
P15538,17.540644,17.503222,18.364249000000004,CYP11B1
P47989,19.082767333333333,19.2135145,18.174063999999998,XDH
Q6NZI2,18.445176,18.308210000000003,19.249024,CAVIN1
P16150,13.958106666666664,13.366368,15.604129000000004,SPN
Q9NX14,19.090263333333336,19.130422499999998,18.795718,NDUFB11
P42765,24.30755,24.358095,23.098635,ACAA2
P43405,13.222847333333332,13.255109499999998,14.395124999999998,SYK
Q9UDX3,16.639523333333333,16.756028500000003,15.547281000000002,SEC14L4
O00264,21.425395333333334,21.204514999999997,20.340498,PGRMC1
P16401,19.87508,19.931645,21.179939,HIST1H1B
P63272,16.584791333333335,16.497453,16.894562,SUPT4H1
P38117,23.031974,22.958660000000002,22.681397999999998,ETFB
Q9Y6C9,20.068846,20.268380000000004,19.525468999999998,MTCH2
Q15417,17.93560333333333,17.8697215,19.486113,CNN3
Q92542,15.978168000000002,16.032149,16.48947,NCSTN
Q15102,16.763298,16.4789445,17.613633,PAFAH1B3
O76038,13.459941333333331,13.805637999999997,15.393353,SCGN
Q8NBJ5,16.550615999999998,16.381531,16.745385000000002,COLGALT1
Q96GD0,17.700990666666666,17.839193999999996,16.932475,PDXP
Q9NR12,16.30087133333333,16.166621,18.263056999999996,PDLIM7
P07093-2,15.027644666666667,13.810496500000003,14.878486999999998,SERPINE2
O15400,16.885759333333333,16.924131,17.587668999999998,STX7
Q13867,15.609780000000002,15.037149,16.714033,BLMH
J3KP15,18.665165333333334,18.5515785,18.935653,SRSF2
Q8TD55,15.957169333333336,15.835164,16.586364,PLEKHO2
P30520,16.399378000000002,16.356525,16.961985000000002,ADSS
C9JMY1,13.327269999999999,12.51152,15.609123,IGFBP2
P48047,20.956406,21.048747000000002,20.787345999999996,ATP5O
Q96CP2,14.319086666666665,14.060541,15.702605,FLYWCH2
O60888-3,17.381972,17.5971595,17.732654,CUTA
P07954-2,21.674614666666667,21.603566499999996,21.122175,FH
G3V2D5,14.524687333333333,13.885048500000002,15.515249,ZFP36L1
A6NEM2,15.882209999999999,15.930059500000002,16.656323,HCFC1
O43290,14.726030666666666,14.6444915,15.172153,SART1
O14773,19.61200933333333,19.341265,18.999637999999997,TPP1
Q8N465,16.201308,16.5810395,15.742282,D2HGDH
O15143,18.905065999999998,19.063407500000004,19.833733000000002,ARPC1B
E9PIV9,14.260442666666666,14.9234715,16.168819,CYB5R2
A0A087WWF1,13.394462666666666,12.631642000000001,14.679742999999998,SELENOM
P28845,20.731868000000002,20.595356,19.954159999999998,HSD11B1
Q6ZMH5,14.932808,15.675875999999999,12.877343999999999,SLC39A5
O94832,16.284170666666668,16.2269045,17.402181000000002,MYO1D
P27487,16.927813333333333,17.1238825,15.757805999999999,DPP4
Q9H223,16.788135333333333,16.757589000000003,17.771620000000002,EHD4
P78356,15.408971333333334,15.152118999999999,16.009605,PIP4K2B
P10412,23.96796733333333,23.871757499999998,24.740733999999996,HIST1H1E
Q15599,17.302518666666668,17.233697999999997,16.770938,SLC9A3R2
Q9Y6N6,12.760485999999998,12.852191999999999,14.641208,LAMC3
Q96I99,21.17509066666667,21.1899885,20.814176000000003,SUCLG2
H0Y6T8,13.69484,13.920334500000001,16.957551,RAB18
P29966,18.149549333333333,18.227540499999996,19.135858000000002,MARCKS
Q9BUL8,16.87131933333333,16.7180205,17.346064000000002,PDCD10
Q9UHD2,14.737282666666669,14.544479499999998,14.918092999999999,TBK1
O75900,13.161799333333335,12.572531499999998,15.176327,MMP23A
Q93008,16.868716000000003,16.9775145,16.588121,USP9X
P15090,16.600781333333334,17.1549195,19.764558,FABP4
Q5TZA2,18.502194666666664,18.4291035,18.895965,CROCC
F8VNT9,18.206091333333337,17.971449,19.099445999999997,CD63
P11310,21.780976000000003,21.964810999999997,20.840590000000002,ACADM
P48065,15.756392000000002,15.582662999999997,14.479011,SLC6A12
P50135,20.088352666666665,20.164694,19.721034999999997,HNMT
P06133,22.099025333333337,21.859304499999997,21.372432000000003,UGT2B4
P35637,19.533428666666662,19.430514,20.06037,FUS
Q8NFQ8,16.868845999999998,16.449775499999998,16.705039999999997,TOR1AIP2
P61086,17.941894666666666,18.103976,17.674315999999997,UBE2K
Q9BZF1,14.150465333333333,13.870264,14.827218000000002,OSBPL8
Q30134,18.705452666666666,18.696098,19.628619,HLA-DRB1
Q9UHY1,14.161702000000004,13.6439625,15.388951,NRBP1
B7ZC38,15.55970733333333,15.6195985,16.073671,SH3GLB2
P06727,18.030392666666664,17.660407499999998,19.690845000000003,APOA4
G3V2U7,13.391079333333334,13.261398500000002,14.32223,ACYP1
P17301,12.799014000000003,12.608630000000002,15.040156,ITGA2
Q96KP1,15.186882666666667,15.375649999999997,15.853504000000001,EXOC2
A0A087WW77,17.591190666666662,17.661019999999997,15.420981000000001,LLGL1
Q13976,14.939616000000001,14.7088585,16.480076999999998,PRKG1
Q9H2J4,14.090836666666668,14.206509500000001,14.919901000000001,PDCL3
Q13561,18.765379333333335,18.801616,19.332072,DCTN2
A6NLP5,19.128752000000002,19.289353499999997,17.923614,TTC36
O43399,17.646024,17.6592655,18.398322999999998,TPD52L2
Q9H2K8,15.122959333333334,15.300556,16.060892000000003,TAOK3
Q9Y5K8,15.109768000000003,15.0646145,15.496295999999997,ATP6V1D
P14866,19.451695333333337,19.4098255,19.788147999999996,HNRNPL
P00740,17.30995333333333,17.367333000000002,17.908926,F9
Q63HM9,12.751998666666667,12.5612945,15.258157,PLCXD3
E9PJH7,18.60637066666667,18.4952915,18.021018000000005,SLC25A22
P01619,19.593875999999998,19.468722999999997,20.894198999999997,IGKV3-20
Q99729-3,18.53606,18.544057000000002,19.081687000000002,HNRNPAB
O75191,17.82037933333333,18.304558000000004,16.829396,XYLB
O15511,18.964987333333333,19.080978999999996,19.615941,ARPC5
O00757,22.414757333333334,23.096619999999998,21.461696,FBP2
Q96B97,14.648092,14.718836500000004,15.645187000000002,SH3KBP1
P30047,19.067619333333333,18.691159999999996,18.174756999999996,GCHFR
Q9NUJ1,17.615323333333333,17.472826,17.115876999999998,ABHD10
Q13085,16.84105,17.0458915,15.876096,ACACA
B1AMS2,16.061724666666667,16.2824265,16.773957000000003,6-Sep
P98082,15.724396666666667,15.451337500000003,16.303757,DAB2
J3KTA4,19.047274666666667,18.92559,19.394421,DDX5
P07327,23.733439333333333,23.864380999999995,21.912443,ADH1A
P52565,19.177900666666666,19.1438995,19.594129,ARHGDIA
Q9H9G7,13.449267333333331,13.20469,14.156443000000001,AGO3
Q16134,21.047942,21.1986835,20.235927,ETFDH
Q9Y4G6,17.756472,17.810827,18.562178,TLN2
H7C1E4,16.716435999999998,16.9031415,16.526078000000002,AP1S1
P56470,19.205722666666663,19.805918499999997,20.485235,LGALS4
P13473,19.774184666666663,19.7064875,20.049122,LAMP2
Q96Q06-2,15.973362666666665,16.417462500000003,15.152624,PLIN4
P0C0S5,18.872876,18.693812,19.542575,H2AFZ
P52943,17.297335333333333,17.256649999999997,18.497946,CRIP2
Q9HCC0,19.58498066666667,19.615596999999998,19.08817,MCCC2
F6S8M0,16.823056666666666,16.702372,17.407567,GNS
Q52LJ0,16.041154666666664,16.128797000000002,16.802456999999997,FAM98B
Q9UM22,15.676408666666665,15.022966,16.259503,EPDR1
Q9P1Y5,13.990415333333333,14.089673000000001,13.346992,CAMSAP3
P17813,16.13012133333333,15.936596500000002,18.053471000000002,ENG
Q9Y6Z7,12.587164666666668,12.841568,14.744696,COLEC10
P36955,16.765870666666668,17.098574000000003,17.842227,SERPINF1
Q9BX66-10,18.26072133333333,18.102783999999996,19.308998000000003,SORBS1
Q96N76,20.762426000000005,21.120322499999997,19.858534999999996,UROC1
Q13643,15.403884000000001,15.399189999999999,17.626343999999996,FHL3
Q5QPM7,16.75897266666667,16.3476775,16.895805000000003,PSMF1
P26196,16.185217333333334,16.075354999999995,16.640556,DDX6
Q86X29,16.983023333333335,16.9333995,16.258338000000002,LSR
P32456,14.554738666666669,14.701649,15.855350000000001,GBP2
P25325-2,21.963039333333334,22.044553999999998,21.173937000000002,MPST
B4DLP0,12.520584000000001,13.071543,14.410760000000002,SULT1C2
P0DN79,20.489898666666672,20.414605999999996,19.64717,CBSL
P07585,19.768912,19.663154499999997,21.278506,DCN
Q9H400,15.026133999999997,15.341965500000004,13.885928000000002,LIME1
A0A0J9YVP6,16.226021333333335,16.1079345,16.469288,PUF60
H3BRN4,23.45657133333333,23.320126,22.444059000000003,ABAT
Q5T5P2,15.593672000000002,15.415894999999997,15.424586,KIAA1217
G3V1Y8,16.512916666666666,16.8149325,14.975630000000004,ASPG
Q96K19,15.86254933333333,15.645985999999999,15.164445,RNF170
A0A0A0MRX8,14.425405333333332,14.239005,14.914150999999999,NFIB
Q8TC12,18.661904666666665,18.544959,17.983693000000006,RDH11
Q7Z4W1,23.786588666666667,23.722936499999996,22.186477000000004,DCXR
Q12765,14.609703999999999,14.979938000000004,16.79829,SCRN1
P98161,17.807806666666668,17.711364000000003,18.41354,PKD1
Q9BYN0,14.514946,14.575176000000003,15.169859999999996,SRXN1
Q9NZ32,14.733558666666665,14.641372499999997,14.987476000000001,ACTR10
P16989,15.005657999999999,14.556993999999998,16.659684,YBX3
P98160,18.866078666666667,18.93919,20.46209,HSPG2
P37802,19.010649333333337,19.011495500000002,20.303663999999998,TAGLN2
Q8TEA8,15.146318666666668,15.035935999999998,15.76303,DTD1
P12111,21.546929999999996,21.516938499999995,22.550110000000004,COL6A3
P05386,18.83696466666667,17.8323265,17.787856,RPLP1
Q8IVD9,14.451703333333333,14.134646499999999,14.829192,NUDCD3
P29590,16.829614,16.971239,17.927917,PML
O14907,15.014856000000002,15.152745,16.525849,TAX1BP3
Q14644,19.366971333333332,19.760819499999997,17.999614,RASA3
Q9NQ94,18.301415333333335,18.322806500000006,17.274462999999997,A1CF
O76031,16.523782666666666,16.440697,16.150464,CLPX
P14618,19.97699466666667,19.992563,21.387107000000004,PKM
Q69YU5,15.314621333333333,15.396316500000003,14.603254000000002,C12orf73
Q8N335,20.460222666666667,21.062582,19.070872,GPD1L
E7ENI1,21.186933333333332,21.195786500000004,18.870811999999997,LHCGR
J3KTL2,19.183938666666666,19.021205000000002,19.488902000000003,SRSF1
Q9H3U1-2,15.24083,15.1899225,15.811279000000003,UNC45A
H3BPJ9,18.879223333333336,18.874358499999996,18.55728,NDUFB10
P61457,21.44845,21.581257,20.564819,PCBD1
P46937,14.752955333333336,14.608038500000001,15.891739999999999,YAP1
P02545,21.350058666666662,21.2548125,22.426893,LMNA
P63104,20.866034000000003,21.096982,21.868604999999995,YWHAZ
P08034,16.713853333333333,16.771992,15.490501999999998,GJB1
P12429,16.37501,16.151686,18.129563,ANXA3
Q8NHP6,13.815523333333333,13.462055500000002,16.65943,MOSPD2
P41218,15.82314466666667,15.677609999999998,16.799350999999998,MNDA
Q04828,23.745967333333336,23.883844,23.060571000000003,AKR1C1
Q99766,15.921477333333334,16.02007,15.509527000000002,ATP5S
O60832,15.888346000000004,15.886633499999997,16.454373,DKC1
P35503,16.419836,14.448262000000003,16.095713000000003,UGT1A3
Q14289,16.846572000000002,16.986496499999998,15.621745,PTK2B
Q13630,19.209519999999998,19.46344,18.979736999999997,TSTA3
O75569,14.754503333333334,14.699411499999997,15.545666,PRKRA
Q9UL12,20.25151933333333,20.2348215,19.200867999999996,SARDH
Q9UIJ7,20.74667866666666,20.992402,20.302177,AK3
P28070,18.252424,18.416476,17.893207,PSMB4
P27144,21.075717333333333,21.303786000000006,20.444257,AK4
P51148,19.402047999999997,19.350868,19.625405,RAB5C
Q15848,13.353058666666668,13.0178405,15.543384999999997,ADIPOQ
Q9NQE9,16.24697,16.290560000000003,16.006142,HINT3
Q96H79,12.662326000000002,12.406384500000001,14.079417000000001,ZC3HAV1L
F8VPD4,15.341421333333333,15.298301999999998,15.812845,CAD
P23743,12.490681333333333,12.74849,15.272048000000002,DGKA
E7EVW7,17.249343333333336,17.1428695,18.203837999999998,HCLS1
P25705,24.016501999999996,24.077644499999998,23.831622,ATP5A1
P16662,22.022963333333333,21.985094500000002,20.569805000000002,UGT2B7
C9J8E1,14.150376000000001,14.218818500000001,14.937254999999999,MAPKAPK3
P06239,12.970200666666667,12.803858,14.383043,LCK
P12277,15.764987333333332,15.7022975,18.372266,CKB
Q8WVV4,12.540946000000002,12.736332,14.886614,POF1B
P22307,21.550605333333337,21.757295,21.021569,SCP2
D6RER5,17.65621666666667,17.7078335,18.642712,11-Sep
Q14764,17.312603333333332,17.4546175,18.713447999999996,MVP
P48506,18.551475999999997,18.550804,17.92948,GCLC
P40121,16.768069999999998,16.905932999999997,18.499217,CAPG
G5E9W9,16.59525,16.421721500000004,17.201283999999998,GIMAP4
P61586,18.666290666666665,18.209311500000002,18.909544999999998,RHOA
P40261,21.879946000000004,21.30807,22.74382,NNMT
P09211,18.923593999999998,18.91545,20.377613,GSTP1
Q9BZL4,14.494437333333332,14.492636,15.185946999999999,PPP1R12C
P40939,22.34146066666667,22.562267,21.782969,HADHA
B4E0T2,15.600767999999999,15.971614499999998,15.085613999999998,PEX5
Q9UBC2-2,16.12902066666667,15.986022000000002,16.864808,EPS15L1
Q5R372,13.246716000000001,13.1621675,14.156469000000001,RABGAP1L
Q9P253,14.328824,14.177924000000004,14.912186999999998,VPS18
P06312,18.29287533333333,18.073674999999998,19.837021,IGKV4-1
Q68CK6,22.142291999999998,22.054077,20.872871,ACSM2B
Q96DZ1,15.279512000000002,14.303913,15.400737999999999,ERLEC1
P17858,18.878262000000003,19.2326465,18.505496,PFKL
P10586,15.455546000000002,15.628365500000001,14.685289000000001,PTPRF
Q9NUT2,16.045802,16.187202,15.672641000000002,ABCB8
Q9Y4J8,14.70749,14.666486,15.585650000000001,DTNA
P42167,17.504882,17.170619,17.888566,TMPO
Q0ZGT2-2,14.59781,14.856161500000002,17.409883999999998,NEXN
Q969E4,14.242220666666668,14.129004500000002,15.995360999999999,TCEAL3
Q9UJC5,16.970849333333334,17.2583135,16.526730999999998,SH3BGRL2
Q9Y3Z3,18.231412,18.200250999999998,18.799371999999998,SAMHD1
P02538,23.222536,23.371922500000004,24.098086000000002,KRT6A
Q6ZUJ8,17.300259333333333,17.077325000000002,16.810235,PIK3AP1
P02768,25.424404666666668,25.378982999999998,26.444334000000005,ALB
H7C096,13.855704666666666,13.48493,14.048247,BNIP2
O95218,15.786654000000004,15.484908,16.228606,ZRANB2
Q8WZA9,16.547683333333335,16.960298,16.532908999999997,IRGQ
P09661,16.999954000000002,16.8984965,17.379392000000003,SNRPA1
D6RB01,13.159044000000002,12.923820000000001,14.979915,FAM169A
Q8WWV3,15.251118000000002,14.924618,14.038616000000001,RTN4IP1
G3V3M6,19.054456666666667,19.105768499999996,19.400077,APEX1
P09493-6,16.944684666666667,16.3631965,18.671495,TPM1
Q04917,18.65598333333333,18.711619,19.510539,YWHAH
E9PLK3,17.721732,17.761809500000005,18.123489999999997,NPEPPS
Q9UMS6-2,15.16158266666667,15.035117499999998,17.091216,SYNPO2
O75487,13.603598666666667,13.720976000000002,16.693169000000005,GPC4
Q9HAV0,16.67545133333333,16.5388855,17.433441,GNB4
Q9BPW8,19.70263333333333,19.7335505,18.90985,NIPSNAP1
F5H1Z6,18.860780666666667,19.0420145,18.281838,STARD10
P22392-2,20.205920666666668,20.433338999999997,20.474725,NME2
Q8IUI8,14.064074666666665,13.898659499999999,14.702614,CRLF3
Q8NI60,17.662860000000002,17.6552915,16.906832,COQ8A
Q9NVI7-2,17.752171333333333,17.670386500000003,17.373530000000006,ATAD3A
P10643,15.19941333333333,14.936203999999995,17.498482000000003,C7
P32970,23.44215066666666,23.381831,25.123942,CD70
O94826,18.42728,18.484434999999998,18.202312999999997,TOMM70
P48449,19.45951933333333,19.715089499999998,17.987102999999998,LSS
P08263,26.86982733333333,27.206543000000003,24.959309,GSTA1
O43741,15.812079333333331,16.0806065,15.225071,PRKAB2
E9PKP7,16.107223333333334,16.123782000000002,16.702441,UBTF
P56589,15.873749333333333,15.943584000000001,15.533734,PEX3
Q13409,16.374183333333335,16.440466999999998,16.968399,DYNC1I2
P51888,20.729784666666667,20.820885999999998,22.78931,PRELP
Q02318,20.297395333333334,20.347143,19.930152,CYP27A1
H0Y360,17.518892,17.561812500000002,17.006873999999996,AMPD2
P48681,14.441895333333331,14.154293000000001,16.235027,NES
Q15436,18.982986000000004,19.136572000000005,18.480649999999997,SEC23A
O95136,12.803222,12.598487500000001,13.876492000000002,S1PR2
O00170,16.180161333333334,16.1280235,16.737513,AIP
P16104,18.931924666666664,19.060743499999997,20.040888000000002,H2AFX
Q9BX68,18.906670666666663,18.838530499999997,18.23403,HINT2
Q14894,16.63516,17.267296499999997,16.286627,CRYM
C9J6B1,18.005636,17.8555505,18.425064999999996,RALB
Q9NZU5,14.791955999999999,15.1835745,17.564856,LMCD1
P21333,19.947511333333335,19.839781500000004,21.442996,FLNA
Q8NBQ5,18.131168666666664,17.628462000000003,18.68565,HSD17B11
Q9Y224,18.039192000000003,18.074987,18.475615999999995,RTRAF
Q8TD22,16.731469999999998,16.805812,15.656261,SFXN5
Q15113,13.548936,13.106035,15.590216000000002,PCOLCE
P20592,13.305066000000004,13.002464,14.559949999999997,MX2
G3V529,13.391251333333333,13.091553000000001,14.696556999999999,DDX24
P10768,20.826904666666664,20.974987499999994,20.382617,ESD
O15488,17.404045999999997,17.7922165,16.415703,GYG2
Q92629-2,15.256787333333333,15.326566499999998,17.05304,SGCD
P61289,14.967978,15.074311500000002,15.638094,PSME3
Q6PCB0,14.066312666666667,13.830419000000001,16.486315,VWA1
H3BPE1,17.321670666666666,17.54471,17.892993,MACF1
Q8TDN6,14.68348933333333,14.338544500000001,15.448302000000002,BRIX1
Q9UPY8,16.576396666666668,16.617160000000002,17.124783,MAPRE3
P09493,13.362151333333333,12.867743499999998,16.017779,TPM1
P00533,16.014149999999997,16.1878355,15.841742000000002,EGFR
Q15024,13.708111999999998,13.8811545,14.671368000000001,EXOSC7
H0YD13,17.003698,16.708618500000004,17.506269,CD44
P01033,13.15556533333333,12.4609425,15.263593,TIMP1
Q96GK7,19.862851333333328,20.199876,18.997162,FAHD2A
O75531,18.03780666666667,17.81608,19.069532,BANF1
Q00266,21.280839999999998,21.1090925,20.148337,MAT1A
P29992,16.98642866666667,16.931720999999996,17.491487,GNA11
O75083,19.889144666666667,19.9525315,20.271610000000003,WDR1
Q9NZ01,18.772104,18.620936500000003,18.348229999999997,TECR
Q96BJ3,16.2847,16.255554000000004,16.891247,AIDA
Q96PC5,15.854182666666668,15.765658999999996,15.520349,MIA2
P09972,23.82301733333334,24.353555000000007,23.170056999999996,ALDOC
P49189,22.144879333333332,22.478596999999997,21.455857,ALDH9A1
O14579,17.176342666666667,17.3996265,17.122314000000003,COPE
K4DI93,14.95454333333333,14.867707999999997,15.195195000000002,CUL4B
P50226,17.708356,17.6086465,16.669929,SULT1A2
P50053-2,21.445870666666664,21.667778000000002,19.795119000000003,KHK
Q9Y5B9,15.578290666666666,15.646254000000003,16.739244,SUPT16H
P0DOY2,21.473606000000004,21.610480999999996,23.0798,IGLC2
O75751,15.923230666666667,16.039073499999997,13.386096,SLC22A3
Q1KMD3,18.007133333333336,18.0095845,18.682187000000003,HNRNPUL2
P49638,16.667589333333336,17.059740499999997,15.834159,TTPA
A0A0G2JMG3,17.026818,17.1820355,15.619012000000001,ABCC6
Q8NBS9,20.107044666666663,19.991312,20.324740000000002,TXNDC5
Q9BY44,15.694695999999997,15.752536999999998,15.960096000000002,EIF2A
Q96QR8,15.898702666666667,15.817954999999998,16.332763,PURB
E1CKY7,12.702312,12.4444275,13.924117,sm-M20
Q99719,15.613643333333334,15.5906785,17.685465999999998,5-Sep
B5ME97,16.353859333333336,16.231744000000003,17.302463,10-Sep
Q8NFH3,14.814596666666665,14.627355499999998,15.237739,NUP43
P02743,19.61593866666667,19.136587499999997,21.073053,APCS
P30038,22.51057266666667,22.69778,21.855892,ALDH4A1
Q9HD20,15.944762666666666,15.822197,16.437005,ATP13A1
Q9HC38-2,19.743241333333337,19.876000499999996,19.612788000000002,GLOD4
Q8WW12,16.120013333333336,16.077831999999997,16.714547000000003,PCNP
A0A0B4J2B5,18.60513,18.776673499999998,20.344955000000002,IGHV3OR16-9
O75436,17.025309999999998,17.064616499999996,17.502307000000002,VPS26A
H9KV75,14.831498666666668,14.5422745,16.406538,ACTN1
O75410,14.027404666666666,13.885432,15.239559,TACC1
Q07960,17.547396,17.3942895,18.436814000000002,ARHGAP1
Q9UJ68,18.433938666666666,18.711754000000003,17.614017999999998,MSRA
Q9BXN1,16.465092666666667,16.711501000000002,19.063470000000002,ASPN
P27216-2,17.400716,17.6269115,18.934305000000002,ANXA13
Q8TDZ2,19.356928,20.061685,16.750487,MICAL1
Q969L2,18.001940666666666,18.323541,17.903781,MAL2
Q96NY7,12.557593333333333,12.673013,15.391128,CLIC6
Q709C8,15.123635333333334,15.288114000000004,15.730328999999998,VPS13C
A0A087WYF7,17.204276666666665,17.345949,17.199533,APOOL
Q8N697,13.930947333333332,13.680269999999998,15.060015000000002,SLC15A4
Q13425,16.213853333333336,16.398854500000002,17.548533,SNTB2
P08910,14.867620666666665,15.055967999999998,13.375986000000001,ABHD2
P17735,17.276844,16.4325905,18.352906,TAT
Q9NVP1,15.101435999999998,14.8987695,15.271823999999999,DDX18
Q15746,17.53062333333333,17.453294,18.975012,MYLK
Q9BZF9,14.487662666666667,14.460084999999998,16.302042,UACA
Q9BUF5,16.780657333333334,16.241643,17.940075,TUBB6
P11766,21.596784000000003,21.728656500000003,21.228569,ADH5
O43704,17.020914,17.774266,16.598941999999997,SULT1B1
P53992,18.408136,18.473264500000003,18.214168,SEC24C
H3BLU7,18.801237999999998,18.9171955,18.433895000000003,AKR7A2
P62136,18.339073999999997,18.356359,18.747107999999997,PPP1CA
G5E933,14.15181933333333,13.603655999999997,14.179082,SBF1
J3QSH4,16.504148,13.250892000000002,14.764717999999998,VEZF1
P50570,17.749056,17.738652,18.245929999999998,DNM2
P63151,16.714904,16.8157885,17.014501,PPP2R2A
P08493,13.863207999999997,13.0848945,16.583818,MGP
Q9HCB6,13.616989999999998,13.009539999999998,16.356937000000002,SPON1
P23229-2,14.381281999999999,14.246653,15.617658,ITGA6
Q9NZN4,17.869206000000002,17.783078499999995,18.738556000000003,EHD2
P53004,17.119826,17.145908000000002,17.881185,BLVRA
A0A087WV24,16.121334,16.609595000000002,14.880437,DDC
P49326,21.157235333333336,20.443113999999998,19.364526,FMO5
Q6YHK3,13.018664666666668,12.471387000000002,14.437232,CD109
Q9UIQ6,14.613218,14.479941,15.638698999999999,LNPEP
Q68CZ2,16.952863999999998,16.9325375,17.998324000000004,TNS3
Q9BQS8,15.063939333333337,14.8803375,15.596964000000003,FYCO1
P55809,18.159874666666667,17.890956,16.156419999999997,OXCT1
O75746,20.558736666666665,20.579389,19.67992,SLC25A12
P16930,20.052414,20.3324525,19.458114000000002,FAH
Q658P3-2,18.28237133333333,18.40248,17.586326000000003,STEAP3
Q8WWZ8,14.986774,15.117691000000002,13.688141000000002,OIT3
F8VQD4,12.558607333333331,12.68066,14.022355999999998,C12orf75
P62736,19.651032666666666,19.101409,21.044686,ACTA2
Q92743,13.908056,13.413695,17.004892,HTRA1
P22309,19.980083999999998,19.021771499999996,20.060039999999997,UGT1A1
P61956,15.71805733333333,15.710642000000002,16.388534,SUMO2
O43236,14.876261333333336,14.796556499999994,16.450953,4-Sep
P14550,22.325452,22.785084,21.372935000000002,AKR1A1
A6NHQ2,18.74936266666667,18.3935545,19.358224000000003,FBLL1
P30044,21.66652266666667,21.819943000000002,21.420611,PRDX5
P12236,22.240382000000004,22.379353000000002,21.883104999999997,SLC25A6
Q9NTZ6,15.447957333333333,15.244806,15.894926000000002,RBM12
Q99426,16.527662666666668,16.495504999999998,17.08155,TBCB
Q8N108,13.646262666666665,13.605236,14.404653,MIER1
P31689,17.504920000000002,17.5584895,17.020577000000003,DNAJA1
Q9UL18,15.650494666666667,15.523100500000002,16.209179999999996,AGO1
P35625,13.942018,13.3166425,16.557404,TIMP3
P22033,20.56782333333333,20.440096500000003,19.976182,MUT
Q86WI1,17.922996666666666,18.070273999999998,16.296953000000002,PKHD1L1
P51648,20.375854666666665,19.976513000000004,19.496484999999996,ALDH3A2
P19367,16.951735333333332,16.831360999999994,18.354424,HK1
Q9Y680,14.622166666666665,14.377568000000002,15.498311000000001,FKBP7
P04080,20.827984,21.040204500000005,21.450088,CSTB
Q9Y2T2,14.831678,15.026209500000002,15.712905000000001,AP3M1
Q6VY07,15.161886,15.102099500000003,16.895374000000004,PACS1
O00159-3,18.161125333333334,18.086101,18.662614,MYO1C
K7EQ71,19.283084,19.3885115,20.965799999999998,PPL
Q5T123,19.22218133333333,19.241402500000003,20.216237,SH3BGRL3
Q14011,17.01550333333334,16.9513745,17.76652,CIRBP
J3KQ32,18.070384,18.455955999999997,18.190486999999997,OLA1
Q9UHR4,13.217453333333331,13.314217500000002,13.994456,BAIAP2L1
Q04837,18.970768666666668,18.864356499999996,19.276619,SSBP1
Q9NRK6,14.943364666666666,15.1269365,14.324618000000001,ABCB10
Q14980,15.939758666666666,15.847308500000002,16.715467999999998,NUMA1
Q15043,17.863233333333334,17.782688500000003,17.038804,SLC39A14
A0A0A0MSE2,22.731480666666663,22.838195,21.744872,HADH
Q96R05,12.661054666666667,12.5716295,14.020802,RBP7
Q9BS26,20.441780666666666,20.096165999999997,19.996911,ERP44
B7ZKQ9,18.419563333333333,18.318726,17.892843000000003,SCARB1
Q08357,22.261394666666668,22.192636000000007,24.698318,SLC20A2
Q9GZM7,16.425022666666667,16.1640535,18.035465,TINAGL1
Q02338,21.374659333333337,21.4177795,20.480362000000003,BDH1
Q9H2B4,14.588950666666667,15.130676500000002,13.396322999999999,SLC26A1
E5RGR0,19.13771066666667,19.267420999999995,18.864079000000004,LYPLA1
Q14117,20.789122,21.2866055,19.203113,DPYS
P49748,21.569564666666665,21.6804,21.40268,ACADVL
O15230,16.875320666666667,17.124402500000006,18.461531,LAMA5
P23141,23.62742066666667,23.88211,22.238526999999998,CES1
Q8WWQ0,12.685968666666668,12.605161499999998,13.855791,PHIP
Q96DG6,21.616871999999997,21.871597,19.707712,CMBL
Q00796,23.944762,23.926640499999998,22.074592,SORD
P62714,18.235110666666667,18.313252000000002,18.565649999999998,PPP2CB
Q96A00,14.257673333333333,13.583377000000002,16.317272,PPP1R14A
Q9Y6B6,19.969856666666665,19.929925,19.365885,SAR1B
Q9UHY7,15.854220000000002,16.2284745,16.494089,ENOPH1
O94925,14.395227333333331,14.473674500000001,16.185884,GLS
Q08426,21.782718666666668,22.162961999999997,21.360696,EHHADH
Q9NQC3,20.196448666666665,20.076135500000003,19.552457999999998,RTN4
D6RAZ0,13.293489333333332,12.932568500000002,17.000830999999998,MIB2
A0A0A0MS74,23.662251333333334,23.528879,22.352335,PCK2
Q14103,20.710734666666664,20.580018000000003,21.086593,HNRNPD
Q14554,19.656286,19.322172999999996,19.076324,PDIA5
Q9H5X1,16.476122,16.2828705,15.856328999999999,FAM96A
P02462,18.23052266666667,18.130539,19.66036,COL4A1
Q9C075,13.145169333333332,12.661394,15.703014,KRT23
Q86UU1,13.603162666666664,13.121641,15.448523999999997,PHLDB1
Q9UHD4,15.525271333333334,16.276289499999997,13.938559000000001,CIDEB
P05362,16.413416666666667,16.249565,17.296715,ICAM1
Q93050,15.093884,14.824192,15.418826000000001,ATP6V0A1
Q6PHW0,14.903599333333336,15.451525499999997,14.503407000000001,IYD
Q9NVS9,20.149136666666664,20.134482499999997,19.336126999999998,PNPO
P51159,16.61606533333333,16.2213135,16.789657,RAB27A
P02760,18.622776666666663,18.732817,19.875923999999998,AMBP
Q9BSH5,19.395823333333336,19.524416499999997,18.725364999999993,HDHD3
Q16698,23.34231066666667,23.530593000000003,22.863777000000002,DECR1
Q03692,13.128841333333334,12.714221000000002,17.702792,COL10A1
A0A087WUK2,18.38241533333333,18.223895,18.915276,HNRNPDL
Q5JRA6,16.723227333333334,16.718796,16.355939999999997,MIA3
P19440,17.18375466666667,17.516122,18.312389000000003,GGT1
Q14195-2,20.723044666666667,21.101095,20.690364999999996,DPYSL3
P05181,20.558442,20.617216500000005,18.898509999999998,CYP2E1
Q5EBL4,12.717855333333334,12.205502999999998,13.923066,RILPL1
O15195,17.935143333333333,18.690741,19.917072,VILL
Q8NC56,15.498901333333333,15.399697500000002,16.414397,LEMD2
Q9Y5P6,18.594498666666667,18.882427,18.321482999999997,GMPPB
O60216,14.612126666666665,14.301457000000003,15.158800000000003,RAD21
Q96A65,15.66565,15.7341015,16.244987000000002,EXOC4
P11215,14.471908,14.325557499999999,15.715281,ITGAM
Q99436,19.023327333333334,19.148088,18.681995,PSMB7
P25789,20.156109333333333,20.2672095,19.9028,PSMA4
O14950,20.163055999999997,20.046440499999996,21.104188,MYL12B
Q9NRZ7,16.810176,16.705091499999998,16.212417000000002,AGPAT3
Q9Y230,17.06621266666667,17.035994000000002,17.654058,RUVBL2
P49257,19.705272666666666,19.455093,19.013361000000003,LMAN1
Q969I3,16.44486266666667,16.607903999999998,15.927668,GLYATL1
Q9HBI6,16.979718000000002,16.9664085,16.187918999999997,CYP4F11
O76024,15.361862666666665,15.150190499999999,15.703351000000001,WFS1
Q92522,17.050335333333333,17.0735915,18.187237,H1FX
A0A0A0MT83,20.863284,20.8763145,20.425211999999995,IVD
Q7L2H7,15.730320666666668,15.6602535,16.056332,EIF3M
B0QYF8,14.124445333333334,15.540119500000003,13.683333,MB
Q01105,18.171965333333333,18.255166000000006,18.927151,SET
Q9Y371,16.076453333333333,16.099581,16.673976000000003,SH3GLB1
E9PM75,16.345942666666666,16.327369499999996,15.622212999999999,SIRT3
O43301,14.182039333333332,13.580669,15.340057000000002,HSPA12A
Q16204,15.373770666666667,15.315818000000002,15.993527,CCDC6
Q96D15,14.605720666666667,15.055802999999997,16.683960000000003,RCN3
Q9NPQ8,15.311400000000003,15.010073000000002,15.897108,RIC8A
Q13228,22.46447866666667,22.571970500000003,21.766135,SELENBP1
P06396,19.093338000000003,19.030002,20.454938000000002,GSN
P51687,19.890301333333333,19.909177,18.950032999999998,SUOX
Q01543,13.117038666666664,12.744757499999999,14.144314999999997,FLI1
P50454,17.023546666666665,16.878434499999997,17.928169,SERPINH1
Q13825,19.442747333333333,19.6908565,18.407788999999998,AUH
Q6YP21,15.994547333333333,15.519198999999997,16.601032,KYAT3
O00291,15.127759333333335,15.334476999999998,16.102659,HIP1
O75439,17.90695733333333,17.908083,17.544577,PMPCB
Q9Y333,16.383099333333334,16.614096,17.107851999999998,LSM2
P26640,17.747525333333332,17.653459500000004,18.282008,VARS
P36871,22.606517999999998,22.84862,21.597588000000002,PGM1
Q86VS8,14.329224666666668,14.229170000000002,15.21172,HOOK3
Q9HD40,17.033088,17.112429,16.347048,SEPSECS
P53634,17.622549999999997,17.549122,18.438632000000005,CTSC
Q587I9,15.29143,15.354961000000007,14.598508999999998,SFT2D3
Q92667,16.95397666666667,16.873711999999998,16.289386999999998,AKAP1
P47755,19.303704,19.306630499999994,19.836389999999998,CAPZA2
P46926,16.821338,16.721344,17.461736000000002,GNPDA1
K7EKI8,17.08054133333333,17.194937500000005,16.547541,PPL
Q9NZQ3,14.204984666666666,13.816762,15.389756,NCKIPSD
P15954,20.819988000000002,21.103476500000003,20.572036,COX7C
Q08380,17.229596666666666,16.677625,17.723932,LGALS3BP
P06576,23.869103333333328,23.9310475,23.688988,ATP5B
Q9BTZ2,20.02892066666666,20.1507485,19.349202000000002,DHRS4
O43169,18.94272266666667,18.928538,18.396115,CYB5B
A0A0D9SG04,16.895237999999996,16.77007,15.491919999999999,COBLL1
P05997,17.980727333333334,18.205513500000002,19.934863999999997,COL5A2
P48163,16.38027466666667,17.221245000000003,17.031524,ME1
P31994-2,17.874518666666667,17.777904,16.131793,FCGR2B
O14656,15.403322000000001,14.953490999999996,15.653774000000002,TOR1A
E9PDF6,19.029514666666664,18.993934,18.628066,MYO1B
Q9UNN8,14.844194666666668,14.8903245,16.336756,PROCR
D6REX3,19.351874666666667,19.5088505,19.100245,SEC31A
Q92643,13.280926666666666,12.9631575,14.118708999999999,PIGK
A0A0A0MR09,13.484253999999998,13.145260000000002,14.698971,PTPN9
Q8TDQ7,12.461340666666667,12.6348295,14.788989,GNPDA2
P31513,21.727279333333332,21.907338999999997,20.063428,FMO3
P01714,13.115987333333333,13.168117,15.918617999999999,IGLV3-19
B4DXW1,19.192648000000002,19.210544000000002,19.615136,ACTR3
Q15084,21.419726000000004,21.260345000000004,21.075011999999997,PDIA6
P51884,20.414762,20.372653,22.207169,LUM
A0A182DWF2,18.73228,18.5411475,18.097676,TXNRD2
Q9Y265,16.707152,16.775189499999996,17.478023999999998,RUVBL1
Q9Y243,12.338852666666664,12.394173499999999,13.635736,AKT3
Q9Y3E7,15.076547333333332,15.131179499999998,15.956531000000002,CHMP3
P49959,15.113638666666663,15.141398500000003,15.861085999999997,MRE11
P19878,14.851488,14.310861500000001,15.880765000000002,NCF2
P56199,18.200374666666665,18.149514500000002,18.955414,ITGA1
Q15836,15.482446,15.333385000000002,16.197583,VAMP3
P29218,16.98447,16.835341500000006,17.90388,IMPA1
O95292,18.663584000000004,18.6412505,18.503765,VAPB
P07307,18.983932666666664,18.830087000000002,18.048443,ASGR2
P30533,17.793466000000002,17.3202825,17.687475,LRPAP1
P50440,22.751042,22.9075445,21.793432000000003,GATM
A6NDB9,16.77971133333333,17.0534305,15.756878,PALM3
O75533,16.988970666666667,16.852169999999997,17.296014999999997,SF3B1
Q99541,16.204752666666668,18.338127,15.776653,PLIN2
A0A0A0MS54,18.255352666666667,18.424804999999996,18.178318,PRKACB
P14384,14.257232666666669,14.137163000000001,14.757555000000002,CPM
Q8NEL9-4,17.17821666666667,17.325761500000006,16.394185,DDHD1
Q9H2X3,18.439719333333336,19.017564,16.596963,CLEC4M
P51553,16.630248666666667,16.245202999999997,17.145845,IDH3G
A0A087WXV4,15.534854,15.813680500000004,15.029198999999997,HNF4A
P43155,19.465708666666664,19.6191095,18.871154,CRAT
P67936,19.565938,19.414893,21.518246,TPM4
Q14320,13.50895666666667,12.962641,14.182938000000002,FAM50A
O60814,24.82103,24.6742685,25.651603,HIST1H2BK
P35659,16.993561999999997,16.756525000000003,17.331692999999994,DEK
H3BPY4,15.923596,16.4215945,14.187558999999998,TMEM231
Q7Z7K0,18.051247333333336,18.089129999999997,17.568883999999997,CMC1
Q9P0K7-4,15.127535333333332,15.1434525,15.836575,RAI14
P08473,14.712711333333333,15.221603499999997,13.520981999999998,MME
P11182,19.401697999999996,19.422027000000003,18.619947000000003,DBT
P51608-2,17.220434666666666,17.137938499999997,18.474572000000002,MECP2
P55011,13.353863999999998,13.111975000000001,15.93596,SLC12A2
P78329,20.232404,20.191035500000005,19.084421,CYP4F2
Q5HYK3,16.893591333333333,17.025661000000003,16.169082999999997,COQ5
A0A0A0MT22,15.283275999999999,15.194081500000001,16.180871,PTPRC
Q969Z3,19.709970666666667,19.499100499999994,18.729366000000002,2-Mar
P14209,17.777524000000003,17.349721,18.311902,CD99
P60891,18.315355333333336,18.4759065,17.574384,PRPS1
O75153,17.078724,17.109826499999993,16.772629000000002,CLUH
P23246,19.266146,19.1912535,19.572423,SFPQ
D6RGG3,15.756940666666667,15.939932999999996,17.381026,COL12A1
Q13011,22.365777333333334,22.329333499999997,21.416403000000003,ECH1
Q9UBT2,16.59217,16.4522905,17.040248,UBA2
P62942,19.857842666666667,19.743790999999998,20.319398,FKBP1A
B4E3T4,15.098360000000003,14.620691500000001,16.517768999999998,RBPMS
B1AH87,16.959282666666663,17.595778000000003,18.909474000000003,TSPO
Q9GZT3,18.268928666666667,18.3726385,18.042103000000004,SLIRP
P05783,23.800164666666667,23.999096,24.379746,KRT18
P10155,16.232708666666664,16.1652795,16.961249999999996,TROVE2
P27658,13.94469,14.462313499999997,17.351007,COL8A1
A0A087X0S5,21.71783333333333,21.787790000000005,22.755968000000003,COL6A1
Q6PGP7,15.603487333333332,15.748973999999999,16.027662,TTC37
Q9NYL2,13.890899333333335,13.617791,14.590376000000001,MAP3K20
P17655,17.4286,17.511172999999996,18.795142000000002,CAPN2
P45973,15.27289866666667,15.257766499999999,15.954038000000002,CBX5
P16284,15.676243333333336,15.6063825,16.778758999999997,PECAM1
Q86TX2,21.343598,21.6685525,20.134283000000003,ACOT1
Q08AH3,20.25641066666667,20.136896,19.195051999999997,ACSM2A
A0A075B749,15.422223333333333,15.0455035,16.488318,PDE4DIP
Q8N163,16.123232666666663,16.086228,16.435138000000002,CCAR2
Q9NX40,18.653872,18.628272000000003,18.396234,OCIAD1
Q9UQ80,19.06226666666667,18.97588,19.262014,PA2G4
Q96C86,17.133112666666666,16.895609,17.550168000000003,DCPS
A0A0A0MS24,13.425493333333332,13.309341499999999,15.333655000000002,PPP1R12B
O43903,16.004308666666667,16.2782525,14.911316,GAS2
Q9UNQ2,13.001381333333333,12.578603499999996,14.015983999999998,DIMT1
A0A075B6R9,15.518499333333333,15.588071500000002,17.365166,IGKV2D-24
A0A0C4DGG1,16.98485266666667,16.4663575,15.598173,PACSIN3
Q9UG63,12.956284000000002,12.8357135,13.794370999999998,ABCF2
P09429,20.19921866666667,20.0845885,20.694885,HMGB1
A0A286YEY5,20.55965733333333,20.505786500000003,22.523003999999997,IGHA2
Q5TEC6,21.952378,21.766886000000003,22.407495,HIST2H3PS2
A6NMH8,17.905078,17.824529000000002,18.860754,CD81
Q9UI17,20.235353333333332,20.32452,19.289248999999998,DMGDH
A0A1B0GTL5,13.392895333333332,12.838251500000002,14.113206,RAB11FIP5
Q9NUL5,17.45918466666667,17.344751,17.110427,RYDEN
Q00839,20.821996,20.738816499999995,21.167057,HNRNPU
P45954,22.45787533333333,22.022160999999997,21.365288999999997,ACADSB
Q8N135,12.827717333333334,12.491267999999998,14.492473999999998,LGI4
D6R934,17.385178666666665,17.2257105,18.783230000000003,C1QB
Q4V9L6,13.237578666666666,12.866572,15.270635000000002,TMEM119
C9JSW2,13.210928,12.564804,15.207667,MEST
Q9HAU0,14.905198666666669,14.849384000000004,15.286652,PLEKHA5
P22830,17.629316000000003,17.796134000000002,17.113576000000002,FECH
O95716,12.749752666666668,12.687972,15.180883000000003,RAB3D
P04275,14.923506000000001,14.640974999999997,18.328015,VWF
P82980,18.709416,18.646406,17.86637,RBP5
A0A0A0MRJ7,14.157674666666667,13.6683135,14.365814,F5
Q8N573-2,14.927691333333334,15.03109,14.523145,OXR1
P10253,18.881422,18.568211499999997,18.286516999999996,GAA
Q02083,16.652099333333336,16.224849000000003,15.857589999999998,NAAA
Q9NRL2,22.541156,22.994463500000002,23.379592,BAZ1A
P51649,20.71853266666667,20.7601845,19.840148,ALDH5A1
P10515,18.845962,18.493729,18.723101999999997,DLAT
B7Z2R4,13.894768,14.055731999999997,15.387092,SGCE
O75449,22.717660666666667,22.583358500000003,20.941313,KATNA1
A0A1W2PQV2,18.375498666666665,18.371059499999998,17.859173000000006,GCSH
A0A0C4DH34,13.902390666666665,14.069216500000001,16.154175,IGHV4-28
P31415,13.869960666666667,13.338282000000001,14.969339999999999,CASQ1
Q06830,23.435972666666665,23.5369325,23.148686,PRDX1
O95487,15.756754666666668,15.778009,15.097196000000002,SEC24B
Q13428,15.408483999999998,15.272339500000005,16.148460999999998,TCOF1
Q6ZMP0,13.005934666666665,13.4022105,16.003091,THSD4
A0A087WWU8,20.348096666666667,20.102387000000004,20.833036,TPM3
Q9UKK3,13.565249333333332,13.682031,14.701167000000002,PARP4
P31939,18.956926,19.108523500000004,19.279801,ATIC
P27701,17.318193333333333,17.0321,16.563637,CD82
Q96FN4,13.331807333333334,13.809267,14.710729,CPNE2
P55769,18.400066,18.355150499999997,18.739980000000003,SNU13
P31749,15.174653999999999,15.202042999999998,15.641658999999999,AKT1
Q86X76-2,18.512724666666664,18.573200500000006,17.936055,NIT1
Q02928,21.597034,21.4439235,20.196378000000003,CYP4A11
Q9Y490,19.91984,19.910323999999996,20.935165,TLN1
C9J0K6,18.247976666666666,18.4273895,19.199681,SRI
P41252,17.153675333333336,17.128648499999997,17.407815,IARS
Q9UBE0,16.038452666666664,16.017047499999997,16.625129,SAE1
Q5T0Z6,12.61713,12.551020500000002,14.699755,PKIB
Q96N67,14.642431333333333,14.225019999999997,15.173604999999998,DOCK7
A0A140TA33,17.837471999999998,17.752116,19.982719,TNXB
Q5JVZ5,15.843543333333335,15.566950000000002,16.174222,ELMO2
P27797,22.907576666666667,22.7615795,22.566499,CALR
P62312,16.967898666666667,16.9951225,17.279494,LSM6
P30084,22.456609333333333,22.671810999999998,21.441043999999998,ECHS1
P02751,20.370446,20.247968,21.128126,FN1
Q7LG56,14.817362666666664,14.9179235,15.379358000000002,RRM2B
Q9BUP3-3,17.499370666666668,17.1818895,17.815493,HTATIP2
A0A087WT99,20.21379333333333,20.464088500000003,19.676969,C11orf54
O00151,19.288394,19.307406500000006,19.956052999999997,PDLIM1
B4DR80,16.210394666666666,16.1175425,16.900896999999997,STK24
Q9C002,12.818842666666665,12.288638000000002,15.276456000000001,NMES1
P12814,20.33223333333333,20.392836499999994,21.005587,ACTN1
Q9BWN1,13.579894000000001,13.7464335,16.325004999999997,PRR14
Q969U7,13.876409333333337,14.7739295,14.486804000000001,PSMG2
P19320,14.740061333333335,14.592233499999997,15.676618000000001,VCAM1
Q9NXH9,13.134251333333332,12.592604999999999,13.40719,TRMT1
J3KNQ4,17.684936666666665,17.733093500000003,18.827090000000002,PARVA
P24298,20.588384,20.607907500000003,19.528867,GPT
P49888,17.722623333333335,18.117188999999996,14.797244999999998,SULT1E1
A0A0B4J1R2,18.432059333333335,18.4174195,17.966354000000003,ACSS3
P10644,18.220978666666667,18.433329,18.061788999999997,PRKAR1A
Q9H2M3,20.09576,20.4616835,19.364027,BHMT2
Q9UHG2,13.936962666666664,12.5023455,15.468943999999997,PCSK1N
Q09666,20.36913333333334,20.356961,21.548721,AHNAK
Q01995,17.886134666666667,17.293440999999998,19.925324,TAGLN
P15104,18.830526,18.3527075,17.067343,GLUL
O14558,17.116801333333335,17.2319195,19.688278999999998,HSPB6
Q15274,19.43540266666667,19.709735,18.239997,QPRT
Q15166,19.598526666666668,19.1386155,18.728730000000002,PON3
P01833,12.918832400000001,12.523743499999998,14.144409999999999,PIGR
P21810,18.920484666666667,18.71918,20.293535000000002,BGN
Q86XI6,13.808003333333334,14.933685000000002,13.679873,PPP1R3B
Q96JH7,14.115772666666665,13.9289095,14.436201,VCPIP1
P50552,17.31088,17.287463499999998,18.032488000000004,VASP
P48059,17.620908666666665,17.671589,19.046985999999997,LIMS1
P34896,22.14424,22.5578445,20.956212999999998,SHMT1
P04181,17.440623333333335,16.9994055,15.741546,OAT
Q96E39,15.942148666666665,15.519874499999997,16.120814000000003,RBMXL1
P09455,17.977051333333332,17.976718999999996,19.451411,RBP1
E9PMR4,15.333302666666665,15.409138500000001,16.289673999999998,CD151
Q9UH99,15.722430000000001,15.267529000000001,16.683464999999998,SUN2
Q8TF65,15.989755333333331,16.242047499999998,15.434285,GIPC2
H0Y5B0,15.679421333333334,15.484589,16.248476,EPB41L2
P14625,23.176525333333334,22.9302905,22.865314999999995,HSP90B1
B1ANH0,15.433001333333333,15.319315499999998,15.979054999999999,GUK1
E9PBC1,13.042992666666668,12.922458,14.016961,EPN2
A0A1B0GUU9,19.729180666666664,19.64196,21.539906000000002,IGHM
Q9H425,14.376246666666667,14.408532500000002,16.506209,C1orf198
O60701,20.615433999999997,20.9205375,20.037589000000004,UGDH
Q05209,14.554147333333335,14.392491999999995,15.179982,PTPN12
Q15642,14.308541333333334,14.390838499999997,15.71669,TRIP10
Q9Y2H0,14.887180666666666,15.068753000000001,16.886395,DLGAP4
P62995,17.548560000000002,17.297813999999995,17.674514,TRA2B
Q96LZ7,17.56729,17.623765499999998,16.844972,RMDN2
B8ZZ19,13.561402666666664,13.355394499999997,12.402743,PVALB
Q9H9P8,16.985538666666667,16.9953,16.247042,L2HGDH
D6RFG8,13.304669333333335,13.968752499999999,15.601682,DCK
O43396,17.88707533333333,17.8751235,18.36178,TXNL1
C9JF17,19.594246000000002,19.20709,20.567809,APOD
P52735-2,15.424777999999998,15.680277,15.178246999999999,VAV2
Q86XE5,19.445681333333333,19.403925499999996,18.583427,HOGA1
P62760,16.04380733333333,16.2527745,14.971430000000002,VSNL1
E9PHV5,16.10639066666667,16.209522,15.264352999999996,SSFA2
P61326,16.808164666666666,16.550142,17.046576,MAGOH
Q14392,12.499554,12.383770499999999,13.978455000000002,LRRC32
Q15382,16.20851,15.962187,16.538216000000002,RHEB
P31949,20.670340666666668,20.613290499999998,22.142060999999998,S100A11
P53007,20.037654,20.199024,19.310394000000002,SLC25A1
P49419-2,21.162280000000003,21.3145845,20.127751999999997,ALDH7A1
Q99424,20.03035933333333,20.0087385,19.317207000000003,ACOX2
P35232,21.13115733333333,21.1585305,20.801122999999997,PHB
Q9NP73-2,20.956411999999997,21.288846,21.815114,ALG13
Q8IYQ7,17.024089999999998,17.0503545,16.108899,THNSL1
P08572,18.436546666666665,18.3563695,20.354268,COL4A2
P01137,13.273820000000002,12.5496725,15.093786,TGFB1
Q562R1,24.74011266666667,24.871947999999996,25.467326999999997,ACTBL2
F5H7D6,12.921680000000002,13.573592,14.959385999999999,TLE3
S4R303,12.934870666666665,12.5825355,14.710263000000001,SORBS1
P55084,22.894965333333335,23.1103225,22.313229999999997,HADHB
Q9Y678,18.93459266666667,19.0729675,18.741992000000003,COPG1
P43304,14.92979,15.030727500000001,15.956262,GPD2
A0A0A0MTH3,17.927078666666663,17.924578500000003,18.811138999999997,ILK
Q9Y5S1,12.660992,12.0424325,13.533407,TRPV2
Q96HJ9,16.906771333333335,16.753794000000003,15.871527,FMC1
A0A087WZ13,14.736429333333332,14.547562499999998,15.432495,RAVER1
D3DSM0,13.092794666666665,14.118645,14.631905999999997,ITGB2
Q9UHA4,16.172192,16.877667499999998,17.024891000000004,LAMTOR3
Q687X5,16.192002,16.209149,17.819115000000004,STEAP4
Q96HS1,17.786350666666667,17.951148,17.475267999999996,PGAM5
Q07075,16.491134666666664,16.654983,16.961566,ENPEP
A0A087WT12,17.649984000000003,17.8767285,17.173548999999998,GPX4
O75155,17.927824,18.0863105,15.246118000000001,CAND2
Q7Z7L8,13.661076000000001,13.709468000000001,16.232419,C11orf96
P09417,21.050478666666667,21.303083500000003,20.002577999999996,QDPR
H0YGQ3,14.459310666666665,14.635374000000002,13.414933999999999,MPDZ
Q86VX2,15.627092,15.154434500000002,15.817013,COMMD7
P28838,21.36494533333333,21.4714625,20.808075,LAP3
M0QZ43,13.23718666666667,13.007416000000001,14.587298999999998,HRC
M0QZR4,16.283135333333334,16.0117435,16.739309,ARHGEF1
Q8TCT9,18.430346,18.301741,18.69195,HM13
Q15691,17.403339333333335,17.3943285,18.285365000000002,MAPRE1
Q92600,14.141058,14.162051999999997,14.649302999999998,CNOT9
P60709,25.322772,25.219002000000003,26.113601,ACTB
Q9UPU7,14.236048666666667,14.047338,15.128835,TBC1D2B
E7EWE8,13.427453333333334,12.910164499999999,17.163413999999996,FBLIM1
P98095,14.198940666666667,13.604344000000001,16.942204999999998,FBLN2
P12956,18.25105,18.2126215,18.796963,XRCC6
A0A087WY55,18.331216666666666,18.3817365,18.078687,VTA1
Q14766,14.990017333333332,15.522641499999997,18.28609,LTBP1
E9PGT1,17.702028666666664,17.794639,17.989128,TSN
A0A0G2JHC2,15.139423333333335,15.475520500000005,16.514629,PPP1R18
P61026,17.18888,17.147604,17.438001000000003,RAB10
Q9UGP8,16.786862,16.7642895,16.507022,SEC63
Q8N8S7,15.223795333333332,14.461415499999998,15.589817000000002,ENAH
P13716,20.326676666666664,20.643947,19.52275,ALAD
O15020,16.628374666666666,16.668318499999998,15.514211999999997,SPTBN2
Q6UXB4,17.119252,17.2776215,14.500212999999999,CLEC4G
A0A0D9SF53,17.595219999999998,17.532041,17.611174,DDX3X
P08729,16.455385333333336,16.7313895,20.105242999999998,KRT7
Q15738,17.612832000000004,17.8460545,16.875631,NSDHL
E9PS44,17.985147333333334,17.675537000000002,19.573061000000003,IFITM3
K7EMR7,13.735063333333336,12.531740000000003,14.510072,RTN2
O60256,17.41921666666667,17.6915475,16.931087,PRPSAP2
P11586,22.905071333333332,22.864674999999995,21.769517,MTHFD1
P46063,16.368897999999998,16.412679499999992,17.217363999999996,RECQL
O00203,15.621399333333333,15.646622000000002,16.092237,AP3B1
P33121,22.636078,22.843988500000002,21.619139,ACSL1
Q7L5N7,14.738444666666668,14.607701,15.639499999999998,LPCAT2
P07902,18.64781,18.995180499999996,17.644340000000003,GALT
Q9H2A2,20.557840666666667,20.871708,19.608686,ALDH8A1
Q03135,18.143806666666666,17.977544,18.816245,CAV1
P55327,17.340941333333333,17.492782,16.927393000000002,TPD52
Q9H1X3,15.775655333333331,15.5109455,14.340236999999998,DNAJC25
M0R075,15.126021333333336,15.097449000000001,14.150166000000002,SLC27A5
Q08431,13.567447333333332,12.868849500000001,15.794813,MFGE8
A0A087WZN1,15.318772000000001,14.810719,15.869252,IDH3B
E7EU96,16.296225999999997,16.226641000000004,16.599866,CSNK2A1
Q15637,15.573246000000003,15.443451999999999,15.929089999999999,SF1
P62140,17.262700666666664,17.428285499999998,17.929375,PPP1CB
Q01469,17.485535333333335,17.574597,18.932839,FABP5
Q9Y2A7,16.118464666666664,16.173934500000005,16.545626,NCKAP1
Q15126,17.80666066666667,17.905116500000002,17.489978,PMVK
Q53TN4,16.531661333333336,16.421172500000004,18.378663999999997,CYBRD1
Q99808,15.255155333333335,15.694806499999999,14.933047000000002,SLC29A1
O00479,16.993377333333335,16.6024715,18.661117,HMGN4
P24752,24.58542,24.7799875,23.349629,ACAT1
Q9Y6L6,17.96043666666667,18.050133499999994,17.029511,SLCO1B1
E9PP49,13.740612000000002,13.933152500000002,16.727245999999997,COL8A2
Q16851,23.363984000000002,23.723613500000003,22.777309000000002,UGP2
O95183,16.447597999999996,16.265189999999997,16.891829,VAMP5
Q9NZL9,18.474689333333334,18.4956415,18.196887000000004,MAT2B
Q8TEB1,16.25569133333333,16.0250675,15.175564,DCAF11
P08294,16.951724666666667,16.739776499999998,19.194446,SOD3
Q5T5U3,17.163827333333334,15.62151,17.893161,ARHGAP21
A0A087WW23,15.172309333333333,14.664309499999998,17.59285,ALOX5AP
O43237,16.177023333333334,16.110184500000003,17.090687,DYNC1LI2
P46087,15.142198,15.053761500000002,15.486979999999997,NOP2
Q9P258,15.289211999999997,15.398726000000002,16.66285,RCC2
Q5TFE4,16.643346,16.818120000000004,16.433676000000002,NT5DC1
Q9NSD9,17.255511333333335,17.307136,17.733492000000005,FARSB
O00233,17.609342,17.6317075,17.966299,PSMD9
A6NMH6,16.42573333333333,16.276075,18.094054,8-Sep
A0A075B6K5,13.855472666666666,13.989219999999998,15.880368999999996,IGLV3-9
Q16790,12.987561333333336,12.613581000000002,14.666998999999999,CA9
Q3LXA3,21.342874666666667,21.6333605,20.516735,TKFC
B1AMW1,14.924341333333334,15.012462,15.853725,CD58
P13929,19.985341333333334,21.1927565,17.752862999999998,ENO3
Q5JS37,16.190931999999997,16.0874935,15.520759000000004,NHLRC3
Q15125,18.781864666666667,18.7971215,17.777533,EBP
O76021,17.28113533333333,17.178429,17.515667999999998,RSL1D1
B5MDF5,20.148552666666664,20.139916,20.450296,RAN
J3QLE5,17.968393333333335,17.889445000000002,18.270145,SNRPN
Q6XR72,15.744472666666665,15.8247705,14.028882000000001,SLC30A10
P10109,19.883694000000002,19.891607500000003,19.481601,FDX1
Q86WU2,19.753639333333332,19.732163500000002,19.034059,LDHD
F8W930,12.974141333333332,12.981380500000004,14.623511000000002,IGF2BP2
P04271,14.294027999999999,13.042990499999998,14.475885,S100B
Q96TA1,16.357408666666668,16.731792000000002,17.926421999999995,FAM129B
P08670,22.1482,22.100432,23.625065,VIM
Q92859,12.762187333333333,12.877315999999999,14.236639,NEO1
E9PIK4,14.339679333333333,14.149449999999998,15.124621000000001,TP53I11
O95674,16.63120133333333,16.078958000000004,16.965366,CDS2
O60234,17.27804266666667,17.372193999999997,17.946861000000002,GMFG
Q14315,18.983853999999997,18.812033,20.354623,FLNC
G3V5Z7,19.184123333333332,19.2989885,18.843843,PSMA6
Q5JTV8,16.338816666666666,16.110627499999996,16.830070999999997,TOR1AIP1
Q9UGT4,15.860737333333333,15.953125999999997,18.898298,SUSD2
P42331,14.291407999999999,14.2529145,15.163920999999998,ARHGAP25
Q53GG5-2,13.857770666666664,13.271948649999999,16.213341999999997,PDLIM3
O75116,15.763526666666671,15.697566,16.325142999999997,ROCK2
P31751,19.749481999999997,19.7633855,21.935836000000002,AKT2
A0A1C7CYX9,19.400514666666666,19.62558,20.695726,DPYSL2
Q9BQG0,15.283897333333332,15.205892000000002,15.709785,MYBBP1A
P07996,15.526409333333334,15.2058285,17.25186,THBS1
B7Z6Q2,16.00950733333333,16.978573,13.665932000000002,ZNF346
P48061,13.738809333333332,13.608987500000001,17.364942,CXCL12
P49411,20.863642000000002,20.87653,20.691285,TUFM
Q15233,19.720086666666667,19.679084999999997,20.024129,NONO
P11532,16.362556666666666,16.0306505,16.284827999999997,DMD
